batter,total_runs,balls_faced,fours,sixes,innings_played,strike_rate
V Kohli,9336,6907,844,316,275,135.17
RG Sharma,7329,5493,661,323,275,133.42
S Dhawan,6769,5302,768,152,221,127.67
DA Warner,6565,4675,663,236,184,140.43
KL Rahul,5815,4166,508,239,149,139.58
SK Raina,5528,4022,506,203,200,137.44
MS Dhoni,5439,3935,375,264,241,138.22
AM Rahane,5367,4269,539,141,197,125.72
SV Samson,5181,3653,432,243,185,141.83
AB de Villiers,5162,3392,413,251,170,152.18
CH Gayle,4965,3318,404,357,141,149.64
RV Uthappa,4952,3782,481,182,197,130.94
KD Karthik,4842,3567,466,161,233,135.74
F du Plessis,4773,3506,439,174,147,136.14
JC Buttler,4646,3092,458,211,136,150.26
Shubman Gill,4598,3223,446,152,130,142.66
SA Yadav,4581,3071,482,178,164,149.17
AT Rayudu,4348,3391,359,173,185,128.22
SS Iyer,4229,3083,353,182,144,137.17
G Gambhir,4217,3394,492,59,151,124.25
MK Pandey,4012,3284,348,117,163,122.17
SR Watson,3874,2797,376,190,141,138.51
RR Pant,3865,2623,349,181,136,147.35
Ishan Kishan,3600,2499,348,166,127,144.06
RA Jadeja,3526,2685,264,122,205,131.32
Q de Kock,3441,2543,334,143,118,135.31
KA Pollard,3412,2302,218,223,168,148.22
DA Miller,3288,2348,235,152,143,140.03
YK Pathan,3204,2229,262,158,153,143.74
N Rana,3078,2228,288,151,121,138.15
HH Pandya,2955,2010,228,155,150,147.01
WP Saha,2934,2296,296,87,143,127.79
BB McCullum,2880,2172,293,130,109,132.6
PA Patel,2848,2350,365,49,136,121.19
RD Gaikwad,2839,2083,260,107,84,136.29
GJ Maxwell,2819,1809,237,161,134,155.83
MA Agarwal,2756,2051,273,100,125,134.37
Yuvraj Singh,2750,2113,217,149,126,130.15
V Sehwag,2728,1740,334,106,104,156.78
AD Russell,2651,1505,186,223,114,176.15
M Vijay,2619,2147,247,91,105,121.98
YBK Jaiswal,2593,1692,310,110,82,153.25
N Pooran,2527,1535,168,186,100,164.63
B Sai Sudharsan,2515,1674,258,82,57,150.24
SPD Smith,2485,1927,225,60,93,128.96
SE Marsh,2477,1862,266,78,69,133.03
JH Kallis,2427,2213,255,44,95,109.67
DR Smith,2385,1755,245,117,88,135.9
Abhishek Sharma,2379,1383,224,144,89,172.02
SR Tendulkar,2334,1941,295,29,78,120.25
RA Tripathi,2291,1655,229,85,98,138.43
D Padikkal,2270,1700,239,80,89,133.53
MP Stoinis,2242,1511,181,117,108,148.38
R Dravid,2174,1878,268,28,82,115.76
S Dube,2129,1460,132,137,87,145.82
KS Williamson,2128,1689,185,64,76,125.99
H Klaasen,2104,1253,146,120,60,167.92
AJ Finch,2091,1623,214,78,90,128.84
AR Patel,2089,1556,146,100,134,134.25
AC Gilchrist,2069,1483,239,92,80,139.51
JP Duminy,2029,1631,126,79,75,124.4
KH Pandya,1982,1476,173,76,123,134.28
MEK Hussey,1977,1610,198,52,58,122.8
PP Shaw,1892,1279,238,61,79,147.93
R Parag,1875,1295,135,108,86,144.79
P Simran Singh,1865,1184,196,94,65,157.52
Tilak Varma,1858,1278,143,91,65,145.38
MR Marsh,1855,1245,155,111,62,149.0
SP Narine,1820,1099,191,120,122,165.61
DPMD Jayawardene,1802,1460,200,39,78,123.42
KK Nair,1712,1301,188,49,78,131.59
Mandeep Singh,1706,1385,176,38,97,123.18
MK Tiwary,1695,1444,156,40,83,117.38
KC Sangakkara,1687,1385,195,27,68,121.81
VR Iyer,1677,1180,157,78,62,142.12
JM Bairstow,1674,1142,173,74,52,146.58
AK Markram,1671,1227,131,68,66,136.19
RM Patidar,1612,978,106,110,52,164.83
DJ Bravo,1560,1196,120,66,110,130.43
SO Hetmyer,1560,1040,98,96,85,150.0
TM Head,1556,907,172,78,52,171.55
NV Ojha,1554,1308,121,79,94,118.81
DJ Hooda,1496,1166,98,62,101,128.3
SS Tiwary,1494,1235,111,50,73,120.97
S Badrinath,1441,1208,154,28,65,119.29
EJG Morgan,1405,1145,112,64,74,122.71
BJ Hodge,1400,1112,122,43,63,125.9
RK Singh,1394,947,114,67,62,147.2
SC Ganguly,1349,1257,137,42,56,107.32
CA Lynn,1329,941,132,66,42,141.23
DJ Hussey,1322,1070,90,60,61,123.55
R Tewatia,1302,938,110,62,91,138.81
PD Salt,1258,715,138,67,40,175.94
V Shankar,1233,947,88,48,63,130.2
KM Jadhav,1208,969,102,40,81,124.66
Dhruv Jurel,1195,775,98,62,51,154.19
A Badoni,1178,834,96,47,56,141.25
MM Ali,1167,831,95,67,59,140.43
TM Dilshan,1153,1001,140,24,50,115.18
TH David,1151,642,76,83,59,179.28
IK Pathan,1139,943,87,37,82,120.78
ML Hayden,1107,798,121,44,32,138.72
JM Sharma,1107,723,86,68,59,153.11
M Vohra,1083,828,104,43,51,130.8
DP Conway,1080,770,116,34,28,140.26
LMP Simmons,1079,848,109,44,29,127.24
LS Livingstone,1066,680,70,76,49,156.76
C Green,1029,677,84,49,42,151.99
V Suryavanshi,1028,447,81,96,23,229.98
LRPL Taylor,1017,818,66,46,54,124.33
KP Pietersen,1001,742,91,40,36,134.91
MC Henriques,1000,785,87,28,54,127.39
SM Curran,997,725,85,41,53,137.52
Y Venugopal Rao,985,832,77,37,52,118.39
T Stubbs,980,646,69,46,43,151.7
A Symonds,974,745,74,41,36,130.74
JA Morkel,974,682,61,55,67,142.82
CL White,954,752,76,36,45,126.86
BA Stokes,935,695,81,32,43,134.53
Priyansh Arya,909,469,87,63,31,193.82
Shashank Singh,905,560,67,51,42,161.61
Washington Sundar,888,653,82,28,59,135.99
HH Gibbs,886,805,83,31,36,110.06
A Raghuvanshi,885,606,86,35,30,146.04
STR Binny,880,682,66,35,66,129.03
Abdul Samad,857,573,55,55,58,149.56
RD Rickelton,836,495,78,55,26,168.89
Harbhajan Singh,833,599,79,42,88,139.07
R Ashwin,833,703,64,29,93,118.49
MS Bisla,798,700,93,23,39,114.0
Shakib Al Hasan,793,633,73,21,52,125.28
Nithish Kumar Reddy,787,540,50,46,35,145.74
N Wadhera,784,557,64,43,37,140.75
M Shahrukh Khan,775,523,49,52,53,148.18
Abishek Porel,769,528,80,28,33,145.64
ST Jayasuriya,768,529,84,39,30,145.18
SN Khan,746,538,86,20,43,138.66
GC Smith,739,664,94,9,29,111.3
AD Mathews,724,573,44,29,41,126.35
Naman Dhir,710,432,67,36,33,164.35
TL Suman,676,573,55,26,39,117.98
AM Nayar,672,573,55,20,50,117.28
GJ Bailey,663,541,59,19,36,122.55
E Lewis,654,477,62,36,26,137.11
PJ Cummins,642,419,40,44,51,153.22
Rashid Khan,635,400,45,43,72,158.75
PP Chawla,624,561,56,20,86,111.23
CH Morris,618,397,41,35,49,155.67
JJ Roy,614,441,75,21,21,139.23
D Brevis,606,415,38,43,24,146.02
JD Ryder,604,455,69,19,29,132.75
Shahbaz Ahmed,603,487,33,28,40,123.82
WG Jacks,602,377,50,38,26,159.68
HM Amla,577,406,60,21,16,142.12
Ashutosh Sharma,564,328,39,40,26,171.95
R Powell,555,389,38,38,30,142.67
JP Inglis,544,313,58,28,16,173.8
CJ Anderson,538,421,40,31,29,127.79
RS Bopara,531,453,39,16,22,117.22
MK Lomror,527,372,33,30,35,141.67
JP Faulkner,527,384,36,23,45,137.24
SE Rutherford,520,362,30,38,27,143.65
M Manhas,514,470,43,10,38,109.36
Gurkeerat Singh,511,422,55,11,32,121.09
OA Shah,506,388,34,23,22,130.41
PC Valthaty,505,414,60,20,23,121.98
SW Billings,503,385,40,20,27,130.65
C Connolly,491,299,43,32,13,164.21
RR Rossouw,473,306,45,25,22,154.58
DT Christian,460,394,23,19,41,116.75
A Mhatre,441,239,51,23,13,184.52
Sameer Rizvi,424,293,30,26,18,144.71
SA Asnodkar,423,337,56,10,19,125.52
NLTC Perera,422,305,23,26,30,138.36
JR Hopes,417,305,49,11,19,136.72
R Ravindra,413,284,40,16,18,145.42
J Botha,409,358,39,5,28,114.25
LR Shukla,405,350,33,15,33,115.71
AL Menaria,401,354,24,18,23,113.28
MV Boucher,394,307,32,13,23,128.34
CA Pujara,390,390,50,4,22,100.0
Azhar Mahmood,388,303,39,13,21,128.05
J Fraser-McGurk,385,191,39,30,15,201.57
A Mishra,381,417,31,5,55,91.37
KR Mayers,379,258,38,22,13,146.9
DB Ravi Teja,375,315,35,9,25,119.05
S Sohal,368,289,34,18,20,127.34
P Negi,365,288,27,16,35,126.74
Rahmanullah Gurbaz,363,268,34,22,18,135.45
B Kumar,354,376,34,4,75,94.15
KV Sharma,352,295,20,17,40,119.32
DJ Mitchell,351,267,28,10,15,131.46
SN Thakur,349,262,32,13,43,133.21
FH Allen,349,163,33,28,11,214.11
R Bhatia,342,284,24,13,47,120.42
P Kumar,340,312,22,17,57,108.97
AP Tare,339,272,40,11,27,124.63
JEC Franklin,327,300,25,8,16,109.0
RN ten Doeschate,326,235,26,15,21,138.72
D Ferreira,326,191,25,23,16,170.68
JC Archer,326,219,18,22,40,148.86
JO Holder,324,261,16,21,34,124.14
Anuj Rawat,318,267,26,14,21,119.1
Aniket Verma,315,196,18,25,20,160.71
R Vinay Kumar,310,274,21,9,42,113.14
Lalit Yadav,305,285,27,7,21,107.02
DB Das,304,260,23,16,22,116.92
C de Grandhomme,303,224,18,18,21,135.27
LA Pomersbach,302,243,25,13,16,124.28
UBT Chand,300,299,32,9,20,100.33
Ramandeep Singh,299,203,17,19,26,147.29
DJG Sammy,295,241,15,18,20,122.41
Kartik Sharma,295,216,24,16,11,136.57
SP Goswami,293,293,32,3,21,100.0
A Manohar,292,235,23,14,20,124.26
Y Nagar,285,259,20,9,20,110.04
GH Vihari,284,319,23,1,23,89.03
VVS Laxman,282,266,33,5,20,106.02
HV Patel,280,238,18,15,44,117.65
B Chipli,280,250,28,7,21,112.0
A Ashish Reddy,280,193,16,15,23,145.08
MJ Lumb,278,191,45,6,12,145.55
P Nissanka,278,173,33,12,10,160.69
PBB Rajapaksa,277,190,22,15,13,145.79
PK Garg,273,238,16,9,19,114.71
R Sathish,270,230,22,6,24,117.39
MJ Guptill,270,195,24,15,13,138.46
R Shepherd,268,150,18,22,19,178.67
K Rabada,262,238,21,11,34,110.08
Atharva Taide,260,177,30,8,10,146.89
M Kaif,259,249,22,6,22,104.02
Harpreet Brar,249,206,20,10,27,120.87
K Gowtham,247,147,15,17,27,168.03
SM Katich,241,185,25,8,11,130.27
BCJ Cutting,238,141,15,19,17,168.79
MD Mishra,237,206,24,8,17,115.05
SB Dubey,220,142,17,13,17,154.93
K Goel,218,231,17,9,16,94.37
AA Jhunjhunwala,217,209,19,5,15,103.83
Mohammad Nabi,215,149,18,11,19,144.3
R Dhawan,210,187,18,7,22,112.3
Kuldeep Yadav,210,253,18,3,41,83.0
UT Yadav,208,201,16,9,48,103.48
CA Ingram,205,179,22,5,15,114.53
PD Collingwood,203,156,9,13,7,130.13
JD Unadkat,201,169,16,7,28,118.93
KS Bharat,199,161,12,8,8,123.6
SK Warne,198,213,14,6,27,92.96
Urvil Patel,197,96,11,20,10,205.21
SP Fleming,196,162,27,3,10,120.99
AS Raut,194,167,13,7,16,116.17
Salman Butt,193,160,30,2,7,120.62
BJ Rohrer,193,140,21,5,8,137.86
M Jansen,192,174,9,9,25,110.34
YV Takawale,192,177,26,3,10,108.47
HC Brook,190,153,23,4,11,124.18
Bipul Sharma,187,123,11,9,17,152.03
FY Fazal,183,172,22,1,11,106.4
MS Wade,183,177,23,2,14,103.39
SD Hope,183,122,12,12,9,150.0
Sikandar Raza,182,136,12,8,9,133.82
AC Voges,181,143,15,3,7,126.57
CR Brathwaite,181,110,10,16,14,164.55
S Gopal,180,169,19,2,22,106.51
AB Agarkar,179,151,13,5,18,118.54
C Munro,177,141,19,8,11,125.53
MF Maharoof,177,123,12,9,14,143.9
MW Short,177,142,21,5,9,124.65
DH Yagnik,170,133,23,2,17,127.82
MD Choudhary,170,120,11,12,10,141.67
CM Gautam,169,149,17,6,13,113.42
MG Johnson,167,163,10,7,28,102.45
MN van Wyk,167,131,19,1,5,127.48
DW Steyn,167,160,14,3,33,104.38
Suryansh Shedge,165,101,9,12,10,163.37
PA Reddy,164,160,15,2,10,102.5
JG Bethell,163,116,21,6,9,140.52
N Jagadeesan,162,147,21,2,10,110.2
MN Samuels,161,172,9,7,14,93.6
RE van der Merwe,159,141,11,8,15,112.77
R McLaren,159,171,14,1,13,92.98
V Nigam,157,88,17,8,10,178.41
Azmatullah Omarzai,151,101,11,10,11,149.5
J Overton,151,92,14,7,8,164.13
D Wiese,148,100,12,7,11,148.0
AD Hales,148,117,13,6,6,126.5
SM Pollock,147,111,12,8,8,132.43
S Vidyut,145,109,21,3,8,133.03
Sachin Baby,144,115,11,5,11,125.22
Arshad Khan,142,95,6,11,12,149.47
DL Chahar,142,103,8,9,20,137.86
N Saini,140,140,16,0,10,100.0
Anmolpreet Singh,139,115,19,3,9,120.87
S Anirudha,136,112,9,7,12,121.43
MJ Santner,136,122,9,6,21,111.48
GD Phillips,132,108,7,8,13,122.22
SB Styris,131,132,10,3,10,99.24
W Jaffer,130,121,14,3,8,107.44
RD Chahar,129,124,13,5,22,104.03
Kamran Akmal,128,77,13,8,6,166.23
UT Khawaja,127,99,14,3,6,128.28
P Dogra,127,138,4,5,12,92.03
TK Curran,127,107,10,3,10,118.69
SS Prabhudessai,126,105,11,4,10,120.0
M Morkel,126,89,11,5,20,141.57
MM Sharma,125,136,8,4,30,91.91
BB Samantray,125,113,13,2,8,110.62
MC Juneja,125,128,11,1,7,97.66
B Lee,124,96,8,8,19,129.17
Harpreet Singh,123,118,10,3,8,104.24
AB McDonald,123,100,9,4,9,123.0
S Arora,121,77,9,9,10,157.14
DL Vettori,121,112,11,2,16,108.04
NK Patel,121,119,14,1,6,101.68
AC Blizzard,120,90,21,2,7,133.33
TG Southee,120,106,8,4,19,113.21
Mohammed Siraj,117,137,11,4,23,85.4
Misbah-ul-Haq,117,81,10,6,8,144.44
Z Khan,117,140,11,2,27,83.57
RJ Harris,117,111,6,3,21,105.41
KK Cooper,116,67,9,8,12,173.13
Mohammed Shami,115,111,9,5,34,103.6
Aman Hakim Khan,115,104,8,6,10,110.58
DJM Short,115,99,11,5,7,116.16
M Kartik,113,107,7,1,14,105.61
MA Starc,111,121,11,0,22,91.74
DJ Harris,111,101,11,5,4,109.9
LJ Wright,106,59,16,3,5,179.66
JDP Oram,106,107,6,5,11,99.07
DS Kulkarni,104,108,7,2,20,96.3
RJ Quiney,103,102,12,3,7,100.98
MS Gony,99,70,6,8,15,141.43
SD Chitnis,99,88,10,2,8,112.5
CJ Ferguson,98,117,9,0,8,83.76
MJ Clarke,98,94,12,0,6,104.26
PN Mankad,97,72,13,2,5,134.72
C Bosch,97,63,8,5,6,153.97
TA Boult,93,85,5,4,26,109.41
PR Shah,92,90,9,2,9,102.22
DJ Jacobs,92,98,10,4,7,93.88
PHKD Mendis,92,68,7,2,5,135.29
Himmat Singh,92,65,5,5,5,141.54
JDS Neesham,92,93,6,2,10,98.92
S Rana,91,79,9,1,8,115.19
RT Ponting,91,128,5,2,9,71.09
AJ Tye,91,75,6,5,13,121.33
AD Nath,90,98,7,2,10,91.84
PR Veer,90,67,10,3,5,134.33
MD Shanaka,89,72,5,5,8,123.61
SL Malinga,88,99,6,5,20,88.89
Iqbal Abdulla,88,82,9,1,13,107.32
AP Majumdar,87,76,7,2,4,114.47
Ankit Sharma,87,67,7,4,10,129.85
MJ McClenaghan,85,69,5,7,20,123.19
RE Levi,83,73,10,4,6,113.7
NM Coulter-Nile,82,72,7,4,16,113.89
Shahid Afridi,81,46,7,6,9,176.09
LA Carseldine,81,66,11,0,5,122.73
CJ Jordan,81,77,3,3,12,105.19
PWH de Silva,81,88,7,1,19,92.05
WPUJC Vaas,81,72,2,3,11,112.5
RV Patel,80,73,6,2,7,109.59
AD Mascarenhas,79,78,5,1,11,101.28
JR Philippe,78,77,9,1,5,101.3
AS Roy,78,64,6,2,14,121.88
CR Woakes,78,77,7,2,12,101.3
KA Jamieson,77,73,6,4,10,105.48
B Akhil,76,55,5,5,11,138.18
IR Jaggi,76,97,6,0,7,78.35
JJ Bumrah,75,85,6,1,29,88.24
TR Birt,75,57,9,2,5,131.58
A Kamboj,74,50,5,4,10,148.0
M Klinger,73,75,9,0,4,97.33
RR Sarwan,73,75,6,1,4,97.33
LH Ferguson,72,46,7,2,8,156.52
Vishnu Vinod,71,64,4,4,7,110.94
SK Rasheed,71,63,9,2,5,112.7
J Suchith,70,61,6,3,9,114.75
Vivrant Sharma,69,47,9,2,1,146.81
AA Bilakhia,69,84,5,0,7,82.14
Avesh Khan,68,43,7,4,16,158.14
RR Powar,67,64,6,1,9,104.69
R Sharma,66,75,5,3,19,88.0
HR Shokeen,66,65,9,0,5,101.54
WD Parnell,65,80,4,1,13,81.25
Mohammad Hafeez,64,83,7,2,8,77.11
N Sindhu,63,50,7,2,5,126.0
Anirudh Singh,63,66,6,1,4,95.45
A Flintoff,62,53,5,2,3,116.98
SP Jackson,61,57,5,1,8,107.02
Sandeep Sharma,60,74,4,0,26,81.08
Harshit Rana,59,55,5,3,10,107.27
S Aravind,59,57,7,0,10,103.51
MG Bracewell,58,47,6,1,4,123.4
I Sharma,57,69,4,2,21,82.61
WA Mota,56,75,2,0,8,74.67
M Rawat,55,69,4,1,11,79.71
TU Deshpande,54,36,2,4,10,150.0
DJ Willey,53,62,7,0,5,85.48
A Chopra,53,71,7,0,6,74.65
Shivang Kumar,53,45,6,1,6,117.78
PVD Chameera,53,45,3,3,11,117.78
Shoaib Malik,52,46,5,0,5,113.04
RP Singh,52,76,2,1,28,68.42
OF Smith,51,44,1,5,6,115.91
Swapnil Singh,51,45,3,3,9,113.33
KB Arun Karthik,51,51,4,1,8,100.0
R Rampaul,51,49,3,2,7,104.08
Shivam Mavi,51,56,4,2,11,91.07
RV Gomez,50,51,5,1,9,98.04
VR Aaron,50,71,2,2,12,70.42
A Nortje,49,50,6,0,14,98.0
SB Bangar,49,58,1,3,7,84.48
AG Paunikar,49,55,9,0,5,89.09
AS Yadav,49,39,5,2,6,125.64
M Markande,48,42,5,1,10,114.29
T Kohler-Cadmore,48,54,7,1,3,88.89
Yashpal Singh,47,65,5,0,4,72.31
SU Parakh,46,33,5,2,4,139.39
Ravi Bishnoi,45,69,2,2,18,65.22
TL Seifert,45,41,6,1,6,109.76
DR Sams,44,44,1,3,13,100.0
D Pretorius,44,28,3,3,5,157.14
Sunny Singh,43,31,6,1,5,138.71
Rasikh Salam,43,42,5,0,7,102.38
AB Barath,42,42,5,1,3,100.0
SK Trivedi,42,58,3,1,14,72.41
A Nehra,41,60,3,1,17,68.33
LPC Silva,40,26,5,1,3,153.85
J Yadav,40,36,2,1,4,111.11
XC Bartlett,40,28,3,2,4,142.86
BR Dunk,40,35,7,0,3,114.29
DJ Thornely,39,53,2,2,4,73.58
MM Patel,39,41,5,0,12,95.12
AUK Pathan,39,23,5,2,7,169.57
S Nadeem,39,87,2,0,20,44.83
Umar Gul,39,19,1,5,4,205.26
YS Chahal,37,86,0,0,17,43.02
S Narwal,37,27,6,0,4,137.04
L Balaji,36,49,2,1,13,73.47
KW Richardson,36,39,2,1,4,92.31
Anureet Singh,36,47,2,1,8,76.6
Joginder Sharma,36,30,1,2,5,120.0
Sohail Tanvir,36,28,3,1,5,128.57
AN Ahmed,36,26,4,1,6,138.46
Salil Arora,35,21,2,2,1,166.67
A Kumble,35,47,3,0,15,74.47
B Sumanth,35,37,3,0,4,94.59
M Ashwin,35,50,2,1,12,70.0
RA Bawa,35,32,2,0,4,109.38
L Ronchi,34,34,6,1,5,100.0
S Sreesanth,34,55,6,0,12,61.82
AP Dole,34,22,3,1,2,154.55
A Mithun,34,26,4,1,6,130.77
Imran Tahir,33,37,5,0,8,89.19
D Salunkhe,33,24,5,0,3,137.5
Navdeep Saini,33,37,3,0,7,89.19
Arshdeep Singh,32,47,4,0,14,68.09
RJ Peterson,32,30,3,1,5,106.67
AT Carey,32,29,0,1,3,110.34
Basil Thampi,32,35,1,1,7,91.43
CV Varun,31,53,3,0,13,58.49
G Coetzee,31,32,2,2,7,96.88
T Taibu,31,26,3,0,3,119.23
S Sriram,31,36,3,0,2,86.11
NS Naik,31,50,2,0,4,62.0
Noor Ahmad,31,58,2,1,15,53.45
GF Linde,31,21,6,0,3,147.62
VH Zol,29,26,3,1,2,111.54
J Syed Mohammad,29,26,4,0,5,111.54
Akshat Raghuwanshi,29,25,1,1,2,116.0
SB Jakati,28,29,3,0,5,96.55
AS Joseph,27,32,3,0,5,84.38
AS Rajpoot,26,41,2,1,7,63.41
PJ Sangwan,26,44,1,0,14,59.09
AB Dinda,26,48,2,0,16,54.17
NL McCullum,26,22,0,1,2,118.18
JM Kemp,26,24,1,1,2,108.33
AA Kulkarni,26,33,3,0,4,78.79
DJ Malan,26,26,1,1,1,100.0
A Choudhary,25,20,1,1,3,125.0
AF Milne,25,31,0,1,7,80.65
Mohsin Khan,25,28,2,1,7,89.29
S Chanderpaul,25,31,4,0,3,80.65
Akash Deep,25,14,2,2,5,178.57
Sanvir Singh,25,21,2,1,5,119.05
ER Dwivedi,24,14,2,2,2,171.43
Kartik Tyagi,24,26,2,1,9,92.31
MA Khote,24,22,2,1,3,109.09
Tanush Kotian,24,31,3,0,1,77.42
KC Cariappa,24,21,0,2,5,114.29
AJ Turner,24,28,0,2,6,85.71
SW Tait,23,26,1,1,5,88.46
P Dubey,23,33,2,0,2,69.7
J Arunkumar,23,23,5,0,3,100.0
BMAJ Mendis,23,27,0,0,3,85.19
Umran Malik,23,15,1,2,5,153.33
Yudhvir Singh,22,16,1,2,4,137.5
KL Nagarkoti,22,33,1,0,7,66.67
AU Rashid,22,15,2,1,2,146.67
SA Abbott,22,18,1,2,3,122.22
HE van der Dussen,22,24,2,0,3,91.67
Sediqullah Atal,22,16,0,2,1,137.5
GB Hogg,22,22,1,0,4,100.0
B Indrajith,21,30,2,0,3,70.0
AJ Hosein,21,13,1,1,3,161.54
Kumar Kushagra,21,21,3,0,4,100.0
M Tiwari,21,12,2,1,2,175.0
DE Bollinger,21,22,1,1,4,95.45
S Kaul,20,36,1,0,9,55.56
NJ Maddinson,20,21,4,0,3,95.24
BKG Mendis,20,10,1,2,1,200.0
C Sakariya,20,30,3,0,7,66.67
AC Thomas,20,19,1,1,4,105.26
RR Raje,20,18,1,1,5,111.11
M Muralitharan,20,29,1,0,9,68.97
NT Ellis,19,25,0,1,5,76.0
JR Hazlewood,19,30,1,0,8,63.33
R Shukla,19,23,2,0,4,82.61
R Smaran,19,25,3,0,4,76.0
Gulbadin Naib,19,15,1,1,1,126.67
DR Martyn,19,24,1,0,1,79.17
Y Gnaneswara Rao,19,17,3,0,1,111.76
A Mukund,19,22,1,0,2,86.36
P Sahu,19,13,1,1,2,146.15
R Bishnoi,19,17,1,2,3,111.76
P Ray Barman,19,24,2,0,1,79.17
Arjun Tendulkar,18,14,0,1,2,128.57
BJ Haddin,18,11,2,1,1,163.64
Naveen-ul-Haq,18,24,2,0,4,75.0
DS Lehmann,18,18,3,0,2,100.0
JJ van der Wath,18,16,1,1,3,112.5
Harmeet Singh,18,12,3,0,4,150.0
PV Tambe,18,38,1,0,6,47.37
KMA Paul,18,24,1,1,5,75.0
R Sai Kishore,18,16,0,2,4,112.5
Sumit Kumar,18,24,2,1,3,75.0
Saurav Chauhan,18,15,1,1,3,120.0
T Banton,18,20,1,1,2,90.0
M Theekshana,17,34,0,1,6,50.0
Parvez Rasool,17,20,1,0,4,85.0
JA Richardson,17,26,2,0,3,65.38
YV Dhull,16,23,1,0,3,69.57
PP Ojha,16,44,0,0,19,36.36
KS Sharma,16,25,1,0,3,64.0
Vijaykumar Vyshak,16,16,0,1,6,100.0
CK Kapugedera,16,22,0,0,3,72.73
M Prasidh Krishna,15,31,1,0,8,48.39
JL Pattinson,15,13,2,0,2,115.38
A Zampa,15,24,1,0,5,62.5
Virat Singh,15,26,1,0,2,57.69
SD Lad,15,13,1,1,1,115.38
GR Napier,15,16,1,0,1,93.75
I Udana,15,11,1,1,4,136.36
VY Mahesh,15,27,0,0,5,55.56
C Madan,15,18,3,0,1,83.33
F Behardien,14,13,2,0,3,107.69
MDKJ Perera,14,13,3,0,2,107.69
FA Allen,14,18,1,0,3,77.78
Auqib Nabi,14,3,2,1,2,466.67
N Burger,14,9,0,1,3,155.56
MP Breetzke,14,12,1,1,1,116.67
DR Shorey,13,17,0,1,2,76.47
Mustafizur Rahman,13,24,0,1,7,54.17
Harsh Dubey,13,9,2,0,4,144.44
DT Patil,13,13,1,0,2,100.0
S Badree,13,23,0,0,5,56.52
KJ Abbott,13,8,0,1,3,162.5
R Minz,12,19,1,0,4,63.16
AA Chavan,12,11,2,0,3,109.09
Mujeeb Ur Rahman,12,15,2,0,6,80.0
MA Wood,12,8,1,1,3,150.0
Karanveer Singh,12,17,1,0,4,70.59
DAJ Bracewell,12,9,1,0,1,133.33
T Dahiya,12,15,2,0,2,80.0
AR Bawne,12,12,1,0,1,100.0
DG Nalkande,12,12,0,1,2,100.0
K Upadhyay,12,9,0,1,2,133.33
T Thushara,12,18,0,0,4,66.67
K Kartikeya,12,17,1,0,4,70.59
DNT Zoysa,11,9,1,0,2,122.22
M Ntini,11,18,2,0,2,61.11
T Kohli,11,19,0,1,3,57.89
T Henderson,11,15,0,1,2,73.33
KAJ Roach,10,9,1,0,1,111.11
TD Paine,10,26,0,0,2,38.46
Mukesh Kumar,10,18,0,0,5,55.56
Krish Bhagat,10,21,0,0,2,47.62
SMSM Senanayake,10,16,0,0,4,62.5
J Theron,10,12,1,0,4,83.33
RK Bhui,10,26,0,0,4,38.46
JE Root,10,15,1,0,1,66.67
Simarjeet Singh,10,15,0,0,6,66.67
D du Preez,10,13,0,0,1,76.92
AG Murtaza,10,14,1,0,3,71.43
VG Arora,10,27,0,0,11,37.04
BB Sran,10,13,0,0,7,76.92
X Thalaivan Sargunam,10,17,0,0,1,58.82
PWA Mulder,9,11,1,0,1,81.82
L Wood,9,3,0,1,1,300.0
AA Noffke,9,10,1,0,1,90.0
SM Harwood,9,13,0,0,2,69.23
Jaskaran Singh,8,11,0,0,4,72.73
Akash Madhwal,8,14,0,0,2,57.14
OC McCoy,8,5,0,1,1,160.0
P Chopra,8,6,2,0,1,133.33
JPR Scantlebury-Searles,8,6,0,1,2,133.33
KT Maphaka,8,2,2,0,1,400.0
TS Mills,8,14,0,1,5,57.14
TM Srivastava,8,11,0,0,3,72.73
CK Langeveldt,8,9,0,1,2,88.89
Mukesh Choudhary,8,8,1,0,3,100.0
SH Johnson,8,12,1,0,6,66.67
CJ McKay,8,15,0,0,1,53.33
MJ Henry,7,10,1,0,2,70.0
Pankaj Singh,7,12,0,0,5,58.33
VS Malik,7,7,1,0,2,100.0
LG Pretorius,7,8,0,0,2,87.5
UA Birla,7,14,1,0,1,50.0
AN Ghosh,7,8,1,0,2,87.5
I Malhotra,7,4,1,0,1,175.0
V Viyaskanth,7,5,0,0,1,140.0
Ankit Soni,7,9,0,1,3,77.78
E Malinga,7,17,0,0,3,41.18
IS Sodhi,7,17,0,0,2,41.18
DA Payne,6,5,0,0,1,120.0
SB Joshi,6,14,0,0,2,42.86
BA Bhatt,6,7,0,1,2,85.71
PSP Handscomb,6,12,0,0,1,50.0
SS Shaikh,6,7,1,0,1,85.71
DM Bravo,6,5,1,0,1,120.0
JP Behrendorff,6,9,0,0,2,66.67
P Awana,5,14,0,0,5,35.71
Sakib Hussain,5,7,1,0,1,71.43
Fazalhaq Farooqi,5,15,0,0,3,33.33
MP Yadav,5,5,1,0,1,100.0
SJ Srivastava,5,5,0,0,4,100.0
Shivam Sharma,5,3,1,0,2,166.67
Arshad Khan (2),5,4,1,0,1,125.0
B Laughlin,5,13,0,0,4,38.46
B Stanlake,5,2,1,0,1,250.0
KMDN Kulasekara,5,3,1,0,1,166.67
Prince Yadav,5,11,0,0,3,45.45
FH Edwards,4,5,0,0,2,80.0
DP Nannes,4,13,0,0,2,30.77
GD McGrath,4,5,1,0,2,80.0
Yash Dayal,4,9,0,0,4,44.44
Liton Das,4,4,1,0,1,100.0
L Ngidi,4,8,0,0,4,50.0
T Natarajan,4,7,0,0,3,57.14
A Tomar,4,8,1,0,1,50.0
A Uniyal,4,7,0,0,2,57.14
VRV Singh,4,3,1,0,2,133.33
A Chandila,4,7,0,0,2,57.14
SR Dubey,4,2,1,0,1,200.0
CRD Fernando,4,3,0,0,2,133.33
A Dananjaya,4,5,0,0,1,80.0
Ravi Singh,4,2,1,0,1,200.0
RS Sodhi,4,2,1,0,1,200.0
PP Hinge,3,9,0,0,2,33.33
Younis Khan,3,7,0,0,1,42.86
R Ninan,3,5,0,0,1,60.0
RJW Topley,3,6,0,0,1,50.0
JE Taylor,3,3,0,0,2,100.0
GC Viljoen,3,7,0,0,3,42.86
DS Rathi,3,8,0,0,3,37.5
Kamran Khan,3,5,0,0,1,60.0
D Kalyankrishna,3,8,0,0,1,37.5
S Tyagi,3,4,0,0,1,75.0
Mohammad Asif,3,6,0,0,2,50.0
BAW Mendis,3,6,0,0,3,50.0
KK Ahmed,2,9,0,0,6,22.22
Brijesh Sharma,2,4,0,0,2,50.0
T Shamsi,2,4,0,0,1,50.0
Shivam Singh,2,3,0,0,1,66.67
Shoaib Akhtar,2,7,0,0,1,28.57
RS Gavaskar,2,8,0,0,1,25.0
GHS Garton,2,4,0,0,2,50.0
H Das,2,5,0,0,1,40.0
SB Wagh,2,3,0,0,2,66.67
Mohammad Ashraful,2,10,0,0,1,20.0
Mashrafe Mortaza,2,2,0,0,1,100.0
KP Appanna,2,4,0,0,3,50.0
BR Sharath,2,5,0,0,1,40.0
A Singh,2,9,0,0,5,22.22
VS Yeligati,2,2,0,0,1,100.0
RJ Gleeson,2,2,0,0,1,100.0
RG More,2,2,0,0,1,100.0
DV Malewar,2,5,0,0,2,40.0
S Randiv,2,4,0,0,1,50.0
AM Ghazanfar,2,3,0,0,1,66.67
KA Maharaj,1,2,0,0,1,50.0
NJ Rimmington,1,1,0,0,1,100.0
Ashok Sharma,1,4,0,0,2,25.0
PVSN Raju,1,1,0,0,1,100.0
BE Hendricks,1,3,0,0,2,33.33
LE Plunkett,1,3,0,0,2,33.33
PM Sarvesh Kumar,1,2,0,0,1,50.0
HF Gurney,1,5,0,0,1,20.0
Ashwani Kumar,1,6,0,0,1,16.67
SE Bond,1,2,0,0,1,50.0
MS Bhandage,1,4,0,0,1,25.0
MJ Suthar,1,2,0,0,1,50.0
Abdul Basith,1,1,0,0,1,100.0
LB Williams,1,2,0,0,1,50.0
P Parameswaran,1,2,0,0,2,50.0
Shoaib Ahmed,1,6,0,0,3,16.67
SZ Mulani,1,1,0,0,1,100.0
DJ Muthuswami,1,3,0,0,1,33.33
Mohit Rathee,1,2,0,0,1,50.0
SS Mishra,1,3,0,0,1,33.33
M de Lange,1,2,0,0,1,50.0
DP Vijaykumar,1,1,0,0,1,100.0
KS Rathore,0,5,0,0,1,0.0
C Nanda,0,1,0,0,1,0.0
U Kaul,0,1,0,0,1,0.0
V Pratap Singh,0,1,0,0,1,0.0
Y Prithvi Raj,0,1,0,0,1,0.0
YA Abdulla,0,1,0,0,1,0.0
KR Sen,0,3,0,0,1,0.0
K Yadav,0,4,0,0,1,0.0
KM Asif,0,2,0,0,1,0.0
ND Doshi,0,13,0,0,1,0.0
R Sanjay Yadav,0,2,0,0,1,0.0
Abdur Razzak,0,2,0,0,1,0.0
L Ablish,0,2,0,0,1,0.0
RP Meredith,0,3,0,0,2,0.0
JL Denly,0,1,0,0,1,0.0
RR Bhatkal,0,2,0,0,1,0.0
S Lamichhane,0,1,0,0,1,0.0
S Kaushik,0,1,0,0,1,0.0
IC Pandey,0,2,0,0,1,0.0
S Ladda,0,9,0,0,2,0.0
SS Cottrell,0,2,0,0,1,0.0
Mayank Dagar,0,1,0,0,1,0.0
MJ Owen,0,2,0,0,1,0.0
Musheer Khan,0,3,0,0,1,0.0
Sunny Gupta,0,1,0,0,1,0.0
