season_year,batter,runs,balls,fours,sixes,strike_rate
2008,A Chopra,42,52,5,0,80.77
2008,A Kumble,13,17,1,0,76.47
2008,A Mishra,37,42,3,0,88.1
2008,A Mukund,0,1,0,0,0.0
2008,A Nehra,3,12,0,0,25.0
2008,A Symonds,161,104,15,9,154.81
2008,AA Noffke,9,10,1,0,90.0
2008,AB Agarkar,54,45,5,2,120.0
2008,AB Dinda,2,4,0,0,50.0
2008,AB de Villiers,95,98,5,1,96.94
2008,AC Gilchrist,436,314,51,19,138.85
2008,AD Mascarenhas,9,8,0,1,112.5
2008,AM Nayar,206,137,16,9,150.36
2008,AM Rahane,4,17,1,0,23.53
2008,AS Yadav,49,39,5,2,125.64
2008,Abdur Razzak,0,2,0,0,0.0
2008,B Akhil,46,31,4,3,148.39
2008,B Chipli,20,28,3,0,71.43
2008,B Lee,17,12,2,1,141.67
2008,BB McCullum,188,91,13,15,206.59
2008,BJ Hodge,12,17,2,0,70.59
2008,CK Kapugedera,16,22,0,0,72.73
2008,CL White,114,100,8,4,114.0
2008,CRD Fernando,2,1,0,0,200.0
2008,D Kalyankrishna,3,8,0,0,37.5
2008,D Salunkhe,33,24,5,0,137.5
2008,DB Das,103,94,9,5,109.57
2008,DB Ravi Teja,109,81,10,5,134.57
2008,DJ Bravo,178,131,19,5,135.88
2008,DJ Hussey,319,258,19,17,123.64
2008,DJ Thornely,39,53,2,2,73.58
2008,DNT Zoysa,11,9,1,0,122.22
2008,DP Vijaykumar,1,1,0,0,100.0
2008,DPMD Jayawardene,179,131,15,7,136.64
2008,DR Smith,45,40,5,1,112.5
2008,DS Kulkarni,2,16,0,0,12.5
2008,DS Lehmann,18,18,3,0,100.0
2008,DT Patil,13,13,1,0,100.0
2008,DW Steyn,2,5,0,0,40.0
2008,G Gambhir,534,378,68,8,141.27
2008,GC Smith,441,361,54,8,122.16
2008,GD McGrath,4,5,1,0,80.0
2008,H Das,2,5,0,0,40.0
2008,HH Gibbs,167,153,17,8,109.15
2008,Harbhajan Singh,30,17,1,3,176.47
2008,I Sharma,11,11,1,0,100.0
2008,IK Pathan,131,115,9,6,113.91
2008,Iqbal Abdulla,1,2,0,0,50.0
2008,J Arunkumar,23,23,5,0,100.0
2008,JA Morkel,241,162,18,14,148.77
2008,JDP Oram,18,12,1,1,150.0
2008,JH Kallis,199,183,23,4,108.74
2008,JR Hopes,221,148,27,8,149.32
2008,Joginder Sharma,16,11,1,1,145.45
2008,K Goel,76,78,7,4,97.44
2008,KC Sangakkara,320,197,41,8,162.44
2008,KD Karthik,145,107,13,4,135.51
2008,Kamran Akmal,128,77,13,8,166.23
2008,L Balaji,0,4,0,0,0.0
2008,L Ronchi,34,32,6,1,106.25
2008,LA Pomersbach,152,99,13,9,153.54
2008,LPC Silva,40,26,5,1,153.85
2008,LR Shukla,163,122,17,4,133.61
2008,LRPL Taylor,149,81,13,10,183.95
2008,M Kaif,176,170,14,6,103.53
2008,M Kartik,30,27,3,0,111.11
2008,M Muralitharan,0,3,0,0,0.0
2008,M Ntini,11,18,2,0,61.11
2008,M Rawat,34,39,3,1,87.18
2008,MA Khote,24,22,2,1,109.09
2008,MEK Hussey,168,100,12,11,168.0
2008,MF Maharoof,125,79,10,7,158.23
2008,MK Pandey,3,9,0,0,33.33
2008,MK Tiwary,104,85,16,0,122.35
2008,ML Hayden,189,127,24,6,148.82
2008,MM Patel,0,1,0,0,0.0
2008,MS Dhoni,414,310,38,15,133.55
2008,MS Gony,35,22,2,3,159.09
2008,MV Boucher,225,177,24,6,127.12
2008,Misbah-ul-Haq,117,81,10,6,144.44
2008,Mohammad Asif,3,6,0,0,50.0
2008,Mohammad Hafeez,64,83,7,2,77.11
2008,NK Patel,103,81,13,1,127.16
2008,P Kumar,112,98,10,6,114.29
2008,PA Patel,302,295,42,3,102.37
2008,PJ Sangwan,2,5,0,0,40.0
2008,PM Sarvesh Kumar,1,2,0,0,50.0
2008,PP Chawla,90,58,10,3,155.17
2008,PP Ojha,2,4,0,0,50.0
2008,PR Shah,34,34,4,0,100.0
2008,Pankaj Singh,5,8,0,0,62.5
2008,R Bhatia,34,28,2,2,121.43
2008,R Dravid,371,297,35,11,124.92
2008,R Vinay Kumar,25,22,2,1,113.64
2008,RA Jadeja,135,100,11,6,135.0
2008,RG Sharma,404,270,38,19,149.63
2008,RP Singh,27,24,2,1,112.5
2008,RR Powar,28,21,4,1,133.33
2008,RR Raje,8,9,1,0,88.89
2008,RR Sarwan,73,75,6,1,97.33
2008,RT Ponting,39,53,2,1,73.58
2008,RV Uthappa,320,274,34,9,116.79
2008,S Anirudha,1,7,0,0,14.29
2008,S Badrinath,192,130,21,8,147.69
2008,S Chanderpaul,25,31,4,0,80.65
2008,S Dhawan,340,295,35,8,115.25
2008,S Sohal,4,8,0,0,50.0
2008,S Sreesanth,0,3,0,0,0.0
2008,S Vidyut,145,109,21,3,133.03
2008,SA Asnodkar,311,231,43,6,134.63
2008,SB Bangar,47,49,1,3,95.92
2008,SB Joshi,6,14,0,0,42.86
2008,SB Styris,112,122,9,2,91.8
2008,SC Ganguly,349,305,33,15,114.43
2008,SD Chitnis,18,9,1,1,200.0
2008,SE Marsh,616,440,59,26,140.0
2008,SK Raina,421,294,35,18,143.2
2008,SK Trivedi,5,12,0,0,41.67
2008,SK Warne,70,58,7,2,120.69
2008,SM Katich,96,68,11,2,141.18
2008,SM Pollock,147,111,12,8,132.43
2008,SP Fleming,196,162,27,3,120.99
2008,SP Goswami,82,85,9,1,96.47
2008,SR Tendulkar,188,177,26,2,106.21
2008,SR Watson,472,307,47,19,153.75
2008,SS Tiwary,26,20,3,1,130.0
2008,ST Jayasuriya,514,308,57,31,166.88
2008,Salman Butt,193,160,30,2,120.62
2008,Shahid Afridi,81,46,7,6,176.09
2008,Shoaib Akhtar,2,7,0,0,28.57
2008,Shoaib Malik,52,46,5,0,113.04
2008,Sohail Tanvir,36,28,3,1,128.57
2008,T Kohli,10,15,0,1,66.67
2008,T Taibu,31,26,3,0,119.23
2008,TM Dilshan,104,78,14,3,133.33
2008,TM Srivastava,8,10,0,0,80.0
2008,U Kaul,0,1,0,0,0.0
2008,Umar Gul,39,19,1,5,205.26
2008,V Kohli,165,157,18,4,105.1
2008,V Sehwag,406,216,46,21,187.96
2008,VRV Singh,4,3,1,0,133.33
2008,VS Yeligati,2,2,0,0,100.0
2008,VVS Laxman,155,132,22,1,117.42
2008,VY Mahesh,15,27,0,0,55.56
2008,W Jaffer,115,104,12,3,110.58
2008,WA Mota,26,27,2,0,96.3
2008,WP Saha,159,119,12,7,133.61
2008,WPUJC Vaas,21,17,0,1,123.53
2008,Y Venugopal Rao,288,207,22,15,139.13
2008,YK Pathan,435,239,43,25,182.01
2008,YV Takawale,70,64,7,2,109.38
2008,Younis Khan,3,7,0,0,42.86
2008,Yuvraj Singh,299,184,24,19,162.5
2008,Z Khan,34,42,4,0,80.95
2009,A Chopra,11,19,2,0,57.89
2009,A Flintoff,62,53,5,2,116.98
2009,A Kumble,16,19,2,0,84.21
2009,A Mishra,26,20,2,2,130.0
2009,A Nehra,1,1,0,0,100.0
2009,A Singh,1,3,0,0,33.33
2009,A Symonds,249,163,15,11,152.76
2009,AA Bilakhia,67,80,5,0,83.75
2009,AB Agarkar,66,57,3,3,115.79
2009,AB Dinda,2,3,0,0,66.67
2009,AB McDonald,3,4,0,0,75.0
2009,AB de Villiers,465,354,39,12,131.36
2009,AC Gilchrist,495,322,54,29,153.73
2009,AD Mascarenhas,39,39,4,0,100.0
2009,AD Mathews,16,13,2,0,123.08
2009,AM Nayar,193,151,14,7,127.81
2009,AM Rahane,144,121,12,3,119.01
2009,AN Ghosh,7,8,1,0,87.5
2009,AS Raut,78,61,5,3,127.87
2009,B Akhil,17,15,1,1,113.33
2009,B Lee,28,34,2,1,82.35
2009,BAW Mendis,0,1,0,0,0.0
2009,BB McCullum,285,235,27,12,121.28
2009,BJ Hodge,365,309,34,9,118.12
2009,C Nanda,0,1,0,0,0.0
2009,CH Gayle,171,143,15,10,119.58
2009,D du Preez,10,13,0,0,76.92
2009,DA Warner,163,132,16,5,123.48
2009,DB Ravi Teja,65,70,7,0,92.86
2009,DJ Bravo,218,201,15,8,108.46
2009,DJ Hussey,98,57,7,6,171.93
2009,DL Vettori,34,31,3,0,109.68
2009,DPMD Jayawardene,219,165,17,7,132.73
2009,DR Smith,215,131,12,15,164.12
2009,DS Kulkarni,9,17,0,0,52.94
2009,DW Steyn,0,3,0,0,0.0
2009,FH Edwards,4,5,0,0,80.0
2009,G Gambhir,286,276,32,2,103.62
2009,GC Smith,212,213,27,1,99.53
2009,GJ Bailey,45,39,7,0,115.38
2009,GR Napier,15,16,1,0,93.75
2009,HH Gibbs,371,330,32,12,112.42
2009,Harbhajan Singh,84,53,6,5,158.49
2009,I Sharma,16,13,1,1,123.08
2009,IK Pathan,196,158,17,6,124.05
2009,J Botha,47,39,5,0,120.51
2009,JA Morkel,97,70,8,4,138.57
2009,JD Ryder,56,48,9,0,116.67
2009,JDP Oram,88,92,5,4,95.65
2009,JH Kallis,361,331,37,8,109.06
2009,JP Duminy,372,325,26,11,114.46
2009,Joginder Sharma,20,18,0,1,111.11
2009,K Goel,124,133,9,4,93.23
2009,KC Sangakkara,332,322,29,5,103.11
2009,KD Karthik,288,217,20,9,132.72
2009,KP Appanna,0,1,0,0,0.0
2009,KP Pietersen,93,84,8,2,110.71
2009,KV Sharma,1,3,0,0,33.33
2009,Kamran Khan,3,5,0,0,60.0
2009,L Balaji,4,10,0,0,40.0
2009,L Ronchi,0,2,0,0,0.0
2009,LA Carseldine,81,66,11,0,122.73
2009,LA Pomersbach,41,46,3,1,89.13
2009,LR Shukla,83,85,5,3,97.65
2009,LRPL Taylor,280,206,20,15,135.92
2009,M Kartik,21,20,0,0,105.0
2009,M Manhas,75,62,7,1,120.97
2009,M Morkel,8,8,1,0,100.0
2009,M Muralitharan,8,8,1,0,100.0
2009,M Rawat,16,19,1,0,84.21
2009,M Vijay,60,67,4,2,89.55
2009,MC Henriques,38,40,2,1,95.0
2009,MF Maharoof,21,21,0,0,100.0
2009,MK Pandey,168,117,17,4,143.59
2009,MK Tiwary,9,13,1,0,69.23
2009,ML Hayden,572,393,60,22,145.55
2009,MM Patel,33,26,5,0,126.92
2009,MN van Wyk,167,131,19,1,127.48
2009,MS Dhoni,332,261,22,9,127.2
2009,MS Gony,13,7,0,2,185.71
2009,MV Boucher,150,114,8,6,131.58
2009,Mashrafe Mortaza,2,2,0,0,100.0
2009,Mohammad Ashraful,2,10,0,0,20.0
2009,NK Patel,18,38,1,0,47.37
2009,NV Ojha,168,144,11,11,116.67
2009,P Kumar,65,46,1,6,141.3
2009,PA Patel,142,126,19,2,112.7
2009,PC Valthaty,6,12,1,0,50.0
2009,PJ Sangwan,6,10,0,0,60.0
2009,PP Chawla,31,36,3,0,86.11
2009,PP Ojha,1,7,0,0,14.29
2009,PR Shah,53,51,4,2,103.92
2009,Pankaj Singh,1,2,0,0,50.0
2009,R Ashwin,8,15,1,0,53.33
2009,R Bhatia,8,18,1,0,44.44
2009,R Bishnoi,19,17,1,2,111.76
2009,R Dravid,271,234,28,3,115.81
2009,R Vinay Kumar,47,44,4,1,106.82
2009,RA Jadeja,295,265,21,6,111.32
2009,RE van der Merwe,122,98,8,8,124.49
2009,RG Sharma,362,313,22,18,115.65
2009,RJ Harris,21,18,0,0,116.67
2009,RJ Quiney,103,102,12,3,100.98
2009,RP Singh,8,17,0,0,47.06
2009,RR Powar,23,22,2,0,104.55
2009,RR Raje,12,9,0,1,133.33
2009,RS Bopara,138,119,8,7,115.97
2009,RV Uthappa,175,170,18,3,102.94
2009,S Badrinath,177,164,20,4,107.93
2009,S Dhawan,40,45,3,0,88.89
2009,S Sohal,115,91,9,8,126.37
2009,S Sreesanth,5,18,1,0,27.78
2009,SA Asnodkar,98,93,11,4,105.38
2009,SB Bangar,2,9,0,0,22.22
2009,SB Jakati,20,15,3,0,133.33
2009,SB Styris,14,8,0,1,175.0
2009,SC Ganguly,189,205,13,6,92.2
2009,SD Chitnis,6,8,1,0,75.0
2009,SK Raina,434,306,37,21,141.83
2009,SK Trivedi,9,17,0,0,52.94
2009,SK Warne,108,116,6,4,93.1
2009,SL Malinga,0,1,0,0,0.0
2009,SM Harwood,9,13,0,0,69.23
2009,SM Katich,145,117,14,6,123.93
2009,SP Goswami,53,60,6,0,88.33
2009,SR Tendulkar,364,299,39,10,121.74
2009,SS Shaikh,6,7,1,0,85.71
2009,SS Tiwary,13,12,0,0,108.33
2009,ST Jayasuriya,221,190,23,7,116.32
2009,Shoaib Ahmed,1,6,0,0,16.67
2009,T Henderson,11,15,0,1,73.33
2009,T Kohli,1,4,0,0,25.0
2009,T Thushara,2,7,0,0,28.57
2009,TL Suman,237,190,18,8,124.74
2009,TM Dilshan,418,339,42,13,123.3
2009,TM Srivastava,0,1,0,0,0.0
2009,V Kohli,246,219,22,8,112.33
2009,V Sehwag,198,134,24,7,147.76
2009,VVS Laxman,19,33,1,1,57.58
2009,W Jaffer,15,17,2,0,88.24
2009,WA Mota,30,48,0,0,62.5
2009,WP Saha,72,41,3,4,175.61
2009,WPUJC Vaas,30,21,1,1,142.86
2009,Y Nagar,20,20,1,0,100.0
2009,Y Venugopal Rao,124,114,6,3,108.77
2009,YK Pathan,243,183,24,12,132.79
2009,YV Takawale,18,22,2,0,81.82
2009,Yashpal Singh,47,65,5,0,72.31
2009,Yuvraj Singh,340,294,25,16,115.65
2009,Z Khan,8,11,0,0,72.73
2010,A Kumble,6,11,0,0,54.55
2010,A Mishra,39,50,1,0,78.0
2010,A Mithun,5,4,1,0,125.0
2010,A Nehra,23,19,2,1,121.05
2010,A Symonds,429,340,35,18,126.18
2010,A Uniyal,4,7,0,0,57.14
2010,AA Bilakhia,2,4,0,0,50.0
2010,AA Jhunjhunwala,183,166,16,4,110.24
2010,AB Agarkar,40,28,4,0,142.86
2010,AB Barath,42,42,5,1,100.0
2010,AB Dinda,0,1,0,0,0.0
2010,AB McDonald,65,52,3,2,125.0
2010,AB de Villiers,111,119,7,0,93.28
2010,AC Gilchrist,289,185,31,16,156.22
2010,AC Voges,181,143,15,3,126.57
2010,AD Mascarenhas,12,10,0,0,120.0
2010,AD Mathews,233,183,18,8,127.32
2010,AG Paunikar,0,1,0,0,0.0
2010,AJ Finch,21,21,0,1,100.0
2010,AM Nayar,58,51,4,2,113.73
2010,AN Ahmed,4,7,0,0,57.14
2010,AP Dole,34,22,3,1,154.55
2010,AP Tare,50,36,5,3,138.89
2010,AS Raut,56,48,3,3,116.67
2010,AT Rayudu,356,244,34,13,145.9
2010,Anirudh Singh,63,66,6,1,95.45
2010,B Lee,11,9,1,0,122.22
2010,B Sumanth,35,37,3,0,94.59
2010,BAW Mendis,1,1,0,0,100.0
2010,BB McCullum,114,109,14,2,104.59
2010,BJ Hodge,99,90,11,1,110.0
2010,Bipul Sharma,9,7,1,0,128.57
2010,C Madan,15,18,3,0,83.33
2010,CA Pujara,122,115,14,3,106.09
2010,CH Gayle,292,183,30,16,159.56
2010,CK Langeveldt,0,1,0,0,0.0
2010,CL White,48,33,3,3,145.45
2010,CRD Fernando,2,2,0,0,100.0
2010,DA Warner,282,189,27,14,149.21
2010,DE Bollinger,18,16,1,1,112.5
2010,DJ Bravo,61,53,3,4,115.09
2010,DJ Hussey,94,85,5,5,110.59
2010,DL Vettori,33,27,4,0,122.22
2010,DP Nannes,4,13,0,0,30.77
2010,DPMD Jayawardene,439,297,55,11,147.81
2010,DR Martyn,19,24,1,0,79.17
2010,DR Smith,22,25,1,1,88.0
2010,DW Steyn,13,17,2,0,76.47
2010,EJG Morgan,35,30,2,1,116.67
2010,FY Fazal,164,153,19,1,107.19
2010,G Gambhir,277,217,32,2,127.65
2010,GC Smith,44,39,7,0,112.82
2010,GJ Bailey,18,27,2,0,66.67
2010,HH Gibbs,267,234,26,9,114.1
2010,Harbhajan Singh,105,60,12,5,175.0
2010,Harmeet Singh,0,1,0,0,0.0
2010,I Sharma,6,17,0,0,35.29
2010,IK Pathan,276,186,21,10,148.39
2010,Iqbal Abdulla,0,1,0,0,0.0
2010,J Theron,2,5,0,0,40.0
2010,JA Morkel,198,130,10,13,152.31
2010,JH Kallis,572,489,67,9,116.97
2010,JM Kemp,26,24,1,1,108.33
2010,JP Duminy,157,131,13,5,119.85
2010,Jaskaran Singh,8,11,0,0,72.73
2010,K Goel,18,20,1,1,90.0
2010,KA Pollard,273,146,23,17,186.99
2010,KAJ Roach,10,9,1,0,111.11
2010,KB Arun Karthik,3,5,0,0,60.0
2010,KC Sangakkara,357,256,47,5,139.45
2010,KD Karthik,278,236,26,6,117.8
2010,KM Jadhav,76,56,7,2,135.71
2010,KP Appanna,2,3,0,0,66.67
2010,KP Pietersen,236,157,23,8,150.32
2010,L Balaji,18,20,1,1,90.0
2010,LR Shukla,36,26,3,2,138.46
2010,LRPL Taylor,88,75,2,6,117.33
2010,M Kaif,28,30,2,0,93.33
2010,M Kartik,22,22,2,0,100.0
2010,M Manhas,157,149,14,0,105.37
2010,M Morkel,9,16,1,0,56.25
2010,M Muralitharan,1,2,0,0,50.0
2010,M Vijay,458,292,36,26,156.85
2010,MC Henriques,11,5,2,0,220.0
2010,MD Mishra,166,142,18,6,116.9
2010,MEK Hussey,37,44,2,0,84.09
2010,MF Maharoof,31,23,2,2,134.78
2010,MJ Lumb,278,189,45,6,147.09
2010,MK Pandey,249,225,27,7,110.67
2010,MK Tiwary,237,185,23,5,128.11
2010,ML Hayden,346,278,37,16,124.46
2010,MM Patel,4,5,0,0,80.0
2010,MR Marsh,28,30,1,1,93.33
2010,MS Bisla,218,177,27,6,123.16
2010,MS Dhoni,287,210,26,8,136.67
2010,MS Gony,2,6,0,0,33.33
2010,MV Boucher,13,10,0,1,130.0
2010,Mandeep Singh,4,11,1,0,36.36
2010,NV Ojha,377,283,42,15,133.22
2010,OA Shah,115,95,7,5,121.05
2010,P Dogra,107,106,4,5,100.94
2010,P Kumar,4,8,0,0,50.0
2010,PA Patel,72,79,6,2,91.14
2010,PD Collingwood,203,156,9,13,130.13
2010,PJ Sangwan,10,14,0,0,71.43
2010,PP Chawla,62,59,7,0,105.08
2010,PP Ojha,3,8,0,0,37.5
2010,Pankaj Singh,1,2,0,0,50.0
2010,R Ashwin,30,40,2,0,75.0
2010,R Bhatia,24,17,1,2,141.18
2010,R Dravid,256,199,34,3,128.64
2010,R McLaren,66,69,7,0,95.65
2010,R Sathish,112,96,11,0,116.67
2010,R Sharma,29,26,3,1,111.54
2010,R Vinay Kumar,27,32,1,0,84.38
2010,RE van der Merwe,1,2,0,0,50.0
2010,RG Sharma,404,300,36,14,134.67
2010,RJ Harris,45,39,2,2,115.38
2010,RP Singh,9,19,0,0,47.37
2010,RR Powar,5,8,0,0,62.5
2010,RS Bopara,248,214,25,3,115.89
2010,RS Gavaskar,2,8,0,0,25.0
2010,RS Sodhi,4,2,1,0,200.0
2010,RV Uthappa,374,218,21,27,171.56
2010,S Anirudha,30,18,2,2,166.67
2010,S Badrinath,356,301,41,5,118.27
2010,S Dhawan,191,169,23,3,113.02
2010,S Ladda,0,9,0,0,0.0
2010,S Narwal,14,12,2,0,116.67
2010,S Sreesanth,27,21,5,0,128.57
2010,S Sriram,27,29,3,0,93.1
2010,S Tyagi,3,4,0,0,75.0
2010,SA Asnodkar,5,4,1,0,125.0
2010,SC Ganguly,493,418,58,15,117.94
2010,SE Bond,1,2,0,0,50.0
2010,SE Marsh,147,114,14,6,128.95
2010,SJ Srivastava,1,2,0,0,50.0
2010,SK Raina,520,361,45,22,144.04
2010,SK Trivedi,20,14,3,1,142.86
2010,SK Warne,10,19,0,0,52.63
2010,SL Malinga,1,1,0,0,100.0
2010,SP Goswami,8,10,2,0,80.0
2010,SR Tendulkar,618,463,86,3,133.48
2010,SR Watson,185,113,18,9,163.72
2010,SS Tiwary,419,307,29,18,136.48
2010,ST Jayasuriya,33,31,4,1,106.45
2010,STR Binny,8,5,1,0,160.0
2010,SW Tait,12,13,0,1,92.31
2010,T Thushara,10,11,0,0,90.91
2010,TL Suman,307,255,23,12,120.39
2010,TM Dilshan,44,53,6,0,83.02
2010,UT Yadav,3,4,0,0,75.0
2010,V Kohli,307,211,26,12,145.5
2010,V Sehwag,356,217,47,14,164.06
2010,VS Malik,6,5,1,0,120.0
2010,VVS Laxman,64,60,7,1,106.67
2010,WP Saha,67,53,9,1,126.42
2010,WPUJC Vaas,30,34,1,1,88.24
2010,Y Nagar,1,6,0,0,16.67
2010,Y Venugopal Rao,34,43,3,1,79.07
2010,YA Abdulla,0,1,0,0,0.0
2010,YK Pathan,333,200,22,24,166.5
2010,Yuvraj Singh,255,198,20,14,128.79
2010,Z Khan,24,13,3,1,184.62
2011,A Mishra,68,49,9,1,138.78
2011,A Mithun,27,20,3,1,135.0
2011,A Singh,1,4,0,0,25.0
2011,A Symonds,135,138,9,3,97.83
2011,AA Chavan,1,3,0,0,33.33
2011,AA Jhunjhunwala,10,17,2,0,58.82
2011,AB Agarkar,7,5,1,0,140.0
2011,AB Dinda,0,5,0,0,0.0
2011,AB McDonald,8,7,0,0,114.29
2011,AB de Villiers,312,242,21,14,128.93
2011,AC Blizzard,120,87,21,2,137.93
2011,AC Gilchrist,383,291,41,18,131.62
2011,AC Thomas,1,4,0,0,25.0
2011,AG Murtaza,2,5,0,0,40.0
2011,AG Paunikar,49,54,9,0,90.74
2011,AJ Finch,47,46,3,3,102.17
2011,AL Menaria,180,152,10,10,118.42
2011,AM Nayar,61,66,9,0,92.42
2011,AM Rahane,120,98,12,2,122.45
2011,AN Ahmed,18,13,1,1,138.46
2011,AS Raut,60,58,5,1,103.45
2011,AT Rayudu,395,349,44,9,113.18
2011,AUK Pathan,33,16,5,2,206.25
2011,B Akhil,13,9,0,1,144.44
2011,B Chipli,207,170,21,4,121.76
2011,B Kumar,1,1,0,0,100.0
2011,B Lee,5,9,0,0,55.56
2011,BA Bhatt,0,5,0,0,0.0
2011,BB McCullum,357,272,35,16,131.25
2011,BJ Haddin,18,11,2,1,163.64
2011,BJ Hodge,285,234,26,9,121.79
2011,Bipul Sharma,23,18,1,0,127.78
2011,CA Ingram,21,25,2,0,84.0
2011,CA Pujara,34,31,4,0,109.68
2011,CH Gayle,608,331,56,44,183.69
2011,CJ Ferguson,48,54,6,0,88.89
2011,CK Langeveldt,8,8,0,1,100.0
2011,CL White,104,109,6,2,95.41
2011,DA Warner,324,275,34,11,117.82
2011,DB Ravi Teja,183,143,17,4,127.97
2011,DE Bollinger,0,1,0,0,0.0
2011,DH Yagnik,16,21,1,0,76.19
2011,DJ Bravo,11,6,1,1,183.33
2011,DJ Hussey,64,63,3,3,101.59
2011,DJ Jacobs,92,88,10,4,104.55
2011,DL Vettori,23,28,1,1,82.14
2011,DPMD Jayawardene,299,257,35,5,116.34
2011,DS Kulkarni,2,4,0,0,50.0
2011,DT Christian,190,157,9,7,121.02
2011,DW Steyn,36,35,3,0,102.86
2011,EJG Morgan,137,117,17,3,117.09
2011,FY Fazal,19,19,3,0,100.0
2011,G Gambhir,378,314,44,3,120.38
2011,GC Smith,42,51,6,0,82.35
2011,Harbhajan Singh,103,71,9,6,145.07
2011,Harpreet Singh,14,20,0,0,70.0
2011,I Malhotra,7,4,1,0,175.0
2011,I Sharma,4,5,0,0,80.0
2011,IK Pathan,150,137,12,6,109.49
2011,IR Jaggi,28,37,3,0,75.68
2011,Iqbal Abdulla,15,12,1,0,125.0
2011,J Botha,230,198,20,2,116.16
2011,J Syed Mohammad,15,12,2,0,125.0
2011,JA Morkel,138,100,8,8,138.0
2011,JD Ryder,292,196,37,11,148.98
2011,JDP Oram,0,3,0,0,0.0
2011,JE Taylor,3,3,0,0,100.0
2011,JEC Franklin,107,78,10,2,137.18
2011,JH Kallis,424,378,46,6,112.17
2011,JJ van der Wath,18,16,1,1,112.5
2011,JP Duminy,205,173,9,8,118.5
2011,JR Hopes,196,157,22,3,124.84
2011,Joginder Sharma,0,1,0,0,0.0
2011,KA Pollard,146,132,12,6,110.61
2011,KB Arun Karthik,7,8,1,0,87.5
2011,KC Sangakkara,358,291,44,5,123.02
2011,KD Karthik,282,220,32,7,128.18
2011,KM Jadhav,18,23,1,0,78.26
2011,L Ablish,0,2,0,0,0.0
2011,L Balaji,4,2,0,0,200.0
2011,LA Pomersbach,51,39,4,2,130.77
2011,LR Shukla,14,10,2,0,140.0
2011,LRPL Taylor,181,150,11,7,120.67
2011,M Kaif,41,33,5,0,124.24
2011,M Kartik,12,14,1,0,85.71
2011,M Klinger,73,75,9,0,97.33
2011,M Manhas,114,123,8,4,92.68
2011,M Morkel,40,24,3,2,166.67
2011,M Muralitharan,5,7,0,0,71.43
2011,M Vijay,434,339,34,20,128.02
2011,MA Agarwal,141,117,16,4,120.51
2011,MD Mishra,67,60,5,2,111.67
2011,MEK Hussey,492,413,53,6,119.13
2011,MJ Lumb,0,2,0,0,0.0
2011,MK Pandey,246,227,28,6,108.37
2011,MK Tiwary,359,322,26,14,111.49
2011,MM Patel,0,1,0,0,0.0
2011,MR Marsh,50,49,2,3,102.04
2011,MS Bisla,72,89,8,0,80.9
2011,MS Dhoni,392,245,25,23,160.0
2011,MS Gony,0,2,0,0,0.0
2011,MS Wade,22,33,0,0,66.67
2011,MV Boucher,6,6,0,0,100.0
2011,Mandeep Singh,47,41,4,1,114.63
2011,ND Doshi,0,13,0,0,0.0
2011,NJ Rimmington,1,1,0,0,100.0
2011,NL McCullum,26,22,0,1,118.18
2011,NLTC Perera,23,27,4,0,85.19
2011,NV Ojha,160,161,11,11,99.38
2011,OA Shah,26,15,1,2,173.33
2011,P Kumar,27,31,2,1,87.1
2011,P Parameswaran,1,1,0,0,100.0
2011,PA Patel,202,182,25,2,110.99
2011,PC Valthaty,463,334,55,20,138.62
2011,PP Chawla,48,55,2,2,87.27
2011,PR Shah,5,5,1,0,100.0
2011,R Ashwin,2,6,0,0,33.33
2011,R Bhatia,25,22,3,0,113.64
2011,R Dravid,343,312,44,2,109.94
2011,R McLaren,90,96,7,1,93.75
2011,R Ninan,3,5,0,0,60.0
2011,R Sathish,25,34,1,0,73.53
2011,R Sharma,24,21,1,2,114.29
2011,R Vinay Kumar,50,47,4,1,106.38
2011,RA Jadeja,283,227,20,14,124.67
2011,RE van der Merwe,14,16,1,0,87.5
2011,RG Sharma,372,297,32,13,125.25
2011,RJ Harris,31,38,3,0,81.58
2011,RN ten Doeschate,107,73,9,5,146.58
2011,RP Singh,2,4,0,0,50.0
2011,RR Powar,11,13,0,0,84.62
2011,RV Gomez,46,50,4,1,92.0
2011,RV Uthappa,264,205,27,10,128.78
2011,S Anirudha,83,74,6,3,112.16
2011,S Aravind,13,8,2,0,162.5
2011,S Badrinath,396,312,38,9,126.92
2011,S Dhawan,400,309,47,7,129.45
2011,S Nadeem,0,1,0,0,0.0
2011,S Rana,18,15,2,0,120.0
2011,S Randiv,2,4,0,0,50.0
2011,S Sohal,249,190,25,10,131.05
2011,S Sreesanth,1,9,0,0,11.11
2011,S Sriram,4,7,0,0,57.14
2011,SA Asnodkar,9,9,1,0,100.0
2011,SB Styris,5,2,1,0,250.0
2011,SB Wagh,2,3,0,0,66.67
2011,SC Ganguly,50,58,3,2,86.21
2011,SD Chitnis,9,9,1,0,100.0
2011,SE Marsh,504,343,52,20,146.94
2011,SJ Srivastava,4,3,0,0,133.33
2011,SK Raina,438,323,36,17,135.6
2011,SK Trivedi,0,2,0,0,0.0
2011,SK Warne,10,20,1,0,50.0
2011,SL Malinga,8,9,0,1,88.89
2011,SP Goswami,29,29,5,0,100.0
2011,SR Tendulkar,553,488,67,5,113.32
2011,SR Watson,330,252,31,17,130.95
2011,SS Tiwary,187,186,13,5,100.54
2011,STR Binny,37,31,2,1,119.35
2011,SW Tait,10,10,1,0,100.0
2011,Shakib Al Hasan,29,22,4,0,131.82
2011,Sunny Singh,43,31,6,1,138.71
2011,TD Paine,10,26,0,0,38.46
2011,TL Suman,65,51,5,5,127.45
2011,TM Dilshan,226,180,33,3,125.56
2011,TR Birt,75,57,9,2,131.58
2011,UBT Chand,2,12,0,0,16.67
2011,UT Yadav,1,5,0,0,20.0
2011,V Kohli,557,459,55,16,121.35
2011,V Sehwag,424,239,51,18,177.41
2011,VR Aaron,0,5,0,0,0.0
2011,VVS Laxman,44,41,3,2,107.32
2011,WD Parnell,37,39,2,1,94.87
2011,WP Saha,68,63,2,4,107.94
2011,Y Gnaneswara Rao,19,17,3,0,111.76
2011,Y Nagar,111,100,6,6,111.0
2011,Y Venugopal Rao,336,279,30,13,120.43
2011,YK Pathan,283,200,24,13,141.5
2011,Yuvraj Singh,343,261,24,18,131.42
2011,Z Khan,21,24,2,0,87.5
2012,A Ashish Reddy,35,29,3,1,120.69
2012,A Chandila,0,1,0,0,0.0
2012,A Mishra,16,20,1,0,80.0
2012,A Nehra,11,12,1,0,91.67
2012,A Singh,0,2,0,0,0.0
2012,AA Chavan,11,8,2,0,137.5
2012,AA Jhunjhunwala,24,26,1,1,92.31
2012,AB Dinda,2,5,0,0,40.0
2012,AB McDonald,47,35,6,2,134.29
2012,AB de Villiers,319,197,26,15,161.93
2012,AC Blizzard,0,3,0,0,0.0
2012,AC Gilchrist,172,142,21,4,121.13
2012,AC Thomas,19,15,1,1,126.67
2012,AD Mascarenhas,14,16,1,0,87.5
2012,AD Mathews,127,108,5,4,117.59
2012,AD Russell,47,26,3,3,180.77
2012,AG Murtaza,3,5,0,0,60.0
2012,AJ Finch,55,51,8,0,107.84
2012,AL Menaria,220,200,14,8,110.0
2012,AM Nayar,45,49,2,1,91.84
2012,AM Rahane,560,433,73,10,129.33
2012,AP Majumdar,87,76,7,2,114.47
2012,AT Rayudu,333,252,21,14,132.14
2012,AUK Pathan,6,7,0,0,85.71
2012,Ankit Sharma,18,13,0,2,138.46
2012,Azhar Mahmood,186,142,16,8,130.99
2012,B Chipli,37,35,3,2,105.71
2012,B Kumar,40,40,4,0,100.0
2012,B Lee,42,20,2,4,210.0
2012,BA Bhatt,6,2,0,1,300.0
2012,BB McCullum,289,283,37,3,102.12
2012,BB Samantray,2,2,0,0,100.0
2012,BJ Hodge,245,173,18,9,141.62
2012,Bipul Sharma,72,47,6,3,153.19
2012,CA Lynn,6,9,1,0,66.67
2012,CA Pujara,17,22,1,1,77.27
2012,CH Gayle,733,451,46,59,162.53
2012,CJ Ferguson,50,63,3,0,79.37
2012,CJ McKay,8,15,0,0,53.33
2012,CL White,479,319,41,20,150.16
2012,DA Miller,98,75,6,4,130.67
2012,DA Warner,256,155,28,14,165.16
2012,DAJ Bracewell,12,9,1,0,133.33
2012,DB Das,126,92,9,6,136.96
2012,DB Ravi Teja,4,4,1,0,100.0
2012,DE Bollinger,3,5,0,0,60.0
2012,DH Yagnik,25,13,5,0,192.31
2012,DJ Bravo,371,262,20,20,141.6
2012,DJ Harris,111,101,11,5,109.9
2012,DJ Hussey,396,305,28,17,129.84
2012,DJ Jacobs,0,10,0,0,0.0
2012,DL Vettori,31,26,3,1,119.23
2012,DPMD Jayawardene,335,298,39,3,112.42
2012,DR Smith,157,97,18,7,161.86
2012,DS Kulkarni,10,5,2,0,200.0
2012,DT Christian,145,118,8,6,122.88
2012,DW Steyn,19,21,0,1,90.48
2012,F du Plessis,398,303,29,17,131.35
2012,G Gambhir,590,411,64,17,143.55
2012,GB Hogg,15,16,1,0,93.75
2012,GJ Maxwell,6,11,0,0,54.55
2012,Gurkeerat Singh,86,52,12,2,165.38
2012,HH Gibbs,81,88,8,2,92.05
2012,HV Patel,15,15,1,0,100.0
2012,Harbhajan Singh,108,80,14,3,135.0
2012,Harmeet Singh,15,7,3,0,214.29
2012,Harpreet Singh,6,6,0,0,100.0
2012,IK Pathan,176,126,14,6,139.68
2012,IR Jaggi,15,21,0,0,71.43
2012,Iqbal Abdulla,2,3,0,0,66.67
2012,J Botha,58,54,4,1,107.41
2012,J Syed Mohammad,4,1,1,0,400.0
2012,J Theron,7,6,1,0,116.67
2012,JA Morkel,107,68,5,6,157.35
2012,JD Ryder,256,211,23,8,121.33
2012,JEC Franklin,220,222,15,6,99.1
2012,JH Kallis,409,382,34,10,107.07
2012,JP Duminy,244,190,13,11,128.42
2012,JP Faulkner,14,13,0,0,107.69
2012,K Upadhyay,11,8,0,1,137.5
2012,KA Pollard,220,158,15,14,139.24
2012,KC Sangakkara,200,183,21,4,109.29
2012,KD Karthik,238,212,30,2,112.26
2012,KK Cooper,38,19,3,3,200.0
2012,KMDN Kulasekara,5,3,1,0,166.67
2012,KP Pietersen,305,207,22,20,147.34
2012,LR Shukla,75,57,4,5,131.58
2012,LRPL Taylor,197,171,12,7,115.2
2012,M Kaif,14,16,1,0,87.5
2012,M Kartik,26,21,1,1,123.81
2012,M Manhas,120,96,10,4,125.0
2012,M Morkel,3,5,0,0,60.0
2012,M Muralitharan,6,9,0,0,66.67
2012,M Vijay,336,265,39,10,126.79
2012,MA Agarwal,225,157,19,15,143.31
2012,MD Mishra,4,4,1,0,100.0
2012,MEK Hussey,261,236,28,8,110.59
2012,MJ Clarke,98,94,12,0,104.26
2012,MK Pandey,143,110,12,6,130.0
2012,MK Tiwary,260,246,21,3,105.69
2012,MM Patel,2,7,0,0,28.57
2012,MN Samuels,124,123,7,5,100.81
2012,MS Bisla,213,160,16,10,133.12
2012,MS Dhoni,358,275,26,9,130.18
2012,MS Gony,4,8,0,0,50.0
2012,Mandeep Singh,432,341,53,7,126.69
2012,N Saini,140,140,16,0,100.0
2012,NLTC Perera,4,9,0,0,44.44
2012,NV Ojha,255,223,21,13,114.35
2012,OA Shah,340,255,24,16,133.33
2012,P Awana,4,5,0,0,80.0
2012,P Dogra,15,24,0,0,62.5
2012,P Kumar,35,29,2,1,120.69
2012,P Negi,36,29,4,1,124.14
2012,P Parameswaran,0,1,0,0,0.0
2012,PA Patel,194,164,19,4,118.29
2012,PA Reddy,73,59,6,2,123.73
2012,PC Valthaty,30,51,4,0,58.82
2012,PP Chawla,106,88,9,4,120.45
2012,PP Ojha,4,13,0,0,30.77
2012,R Ashwin,18,15,2,0,120.0
2012,R Bhatia,35,28,4,0,125.0
2012,R Dravid,462,412,63,4,112.14
2012,R Sharma,2,11,0,0,18.18
2012,R Vinay Kumar,68,62,3,2,109.68
2012,RA Jadeja,191,151,13,9,126.49
2012,RE Levi,83,73,10,4,113.7
2012,RG Sharma,433,341,39,18,126.98
2012,RJ Harris,18,11,1,1,163.64
2012,RJ Peterson,32,30,3,1,106.67
2012,RN ten Doeschate,21,21,1,1,100.0
2012,RP Singh,6,12,0,0,50.0
2012,RR Bhatkal,0,2,0,0,0.0
2012,RV Uthappa,405,342,38,10,118.42
2012,S Anirudha,19,6,1,2,316.67
2012,S Aravind,14,8,3,0,175.0
2012,S Badrinath,196,181,23,2,108.29
2012,S Dhawan,569,438,58,18,129.91
2012,S Nadeem,0,2,0,0,0.0
2012,SA Yadav,0,4,0,0,0.0
2012,SB Jakati,7,12,0,0,58.33
2012,SC Ganguly,268,271,30,4,98.89
2012,SD Chitnis,66,62,7,1,106.45
2012,SE Marsh,336,280,39,7,120.0
2012,SK Raina,441,324,36,19,136.11
2012,SK Trivedi,5,6,0,0,83.33
2012,SL Malinga,55,53,4,3,103.77
2012,SP Goswami,69,67,4,1,102.99
2012,SP Narine,9,7,2,0,128.57
2012,SPD Smith,362,262,24,14,138.17
2012,SR Tendulkar,324,283,39,4,114.49
2012,SR Watson,255,168,26,14,151.79
2012,SS Tiwary,191,167,9,8,114.37
2012,STR Binny,90,67,9,3,134.33
2012,Shakib Al Hasan,91,73,6,3,124.66
2012,Sunny Gupta,0,1,0,0,0.0
2012,TL Suman,15,19,1,1,78.95
2012,TM Dilshan,285,259,33,5,110.04
2012,UBT Chand,36,34,2,3,105.88
2012,UT Yadav,2,7,0,0,28.57
2012,V Kohli,364,325,33,9,112.0
2012,V Pratap Singh,0,1,0,0,0.0
2012,V Sehwag,495,307,57,19,161.24
2012,VR Aaron,1,3,0,0,33.33
2012,WD Parnell,19,27,2,0,70.37
2012,WP Saha,6,14,0,0,42.86
2012,Y Nagar,153,133,13,3,115.04
2012,Y Venugopal Rao,132,126,8,5,104.76
2012,YK Pathan,194,166,10,7,116.87
2012,Z Khan,12,17,1,0,70.59
2013,A Ashish Reddy,125,89,8,5,140.45
2013,A Chandila,4,6,0,0,66.67
2013,A Mishra,89,95,9,0,93.68
2013,A Mithun,2,2,0,0,100.0
2013,A Mukund,19,21,1,0,90.48
2013,A Nehra,1,8,0,0,12.5
2013,AB Agarkar,12,16,0,0,75.0
2013,AB Dinda,9,11,1,0,81.82
2013,AB McDonald,0,2,0,0,0.0
2013,AB de Villiers,360,219,34,15,164.38
2013,AC Gilchrist,294,229,41,6,128.38
2013,AD Mascarenhas,5,5,0,0,100.0
2013,AD Mathews,172,139,5,10,123.74
2013,AD Russell,11,14,0,0,78.57
2013,AG Murtaza,5,4,1,0,125.0
2013,AJ Finch,456,335,54,16,136.12
2013,AL Menaria,1,2,0,0,50.0
2013,AM Nayar,66,73,5,0,90.41
2013,AM Rahane,488,458,42,11,106.55
2013,AP Tare,123,84,14,5,146.43
2013,AS Rajpoot,2,6,0,0,33.33
2013,AT Rayudu,265,229,22,4,115.72
2013,Azhar Mahmood,196,154,22,5,127.27
2013,B Chipli,16,17,1,1,94.12
2013,B Kumar,52,71,3,1,73.24
2013,B Laughlin,4,9,0,0,44.44
2013,B Lee,21,12,1,2,175.0
2013,BAW Mendis,2,4,0,0,50.0
2013,BB McCullum,6,7,1,0,85.71
2013,BB Samantray,123,111,13,2,110.81
2013,BJ Hodge,293,217,27,9,135.02
2013,BJ Rohrer,193,140,21,5,137.86
2013,BMAJ Mendis,23,27,0,0,85.19
2013,CA Pujara,92,99,14,0,92.93
2013,CH Gayle,708,448,57,51,158.04
2013,CH Morris,14,16,0,0,87.5
2013,CL White,209,191,18,7,109.42
2013,CM Gautam,44,34,4,1,129.41
2013,DA Miller,418,253,28,24,165.22
2013,DA Warner,410,323,41,14,126.93
2013,DB Das,75,74,5,5,101.35
2013,DB Ravi Teja,14,17,0,0,82.35
2013,DH Yagnik,125,93,17,2,134.41
2013,DJ Bravo,121,106,11,3,114.15
2013,DJ Hussey,235,208,20,6,112.98
2013,DJG Sammy,174,132,11,10,131.82
2013,DPMD Jayawardene,331,312,39,6,106.09
2013,DR Smith,418,340,40,19,122.94
2013,DT Christian,6,15,0,0,40.0
2013,DW Steyn,53,36,5,2,147.22
2013,EJG Morgan,307,240,28,13,127.92
2013,G Gambhir,406,342,51,5,118.71
2013,GH Vihari,241,277,17,1,87.0
2013,GJ Maxwell,36,27,1,4,133.33
2013,Gurkeerat Singh,108,95,10,3,113.68
2013,Harbhajan Singh,116,79,12,5,146.84
2013,Harmeet Singh,3,4,0,0,75.0
2013,IC Pandey,0,2,0,0,0.0
2013,IK Pathan,142,151,9,3,94.04
2013,Iqbal Abdulla,8,14,0,0,57.14
2013,J Botha,43,52,5,1,82.69
2013,J Syed Mohammad,10,13,1,0,76.92
2013,JA Morkel,46,37,2,3,124.32
2013,JD Unadkat,2,2,0,0,100.0
2013,JH Kallis,311,322,35,3,96.58
2013,JP Faulkner,57,57,5,2,100.0
2013,K Upadhyay,1,1,0,0,100.0
2013,KA Pollard,420,278,27,29,151.08
2013,KB Arun Karthik,41,38,3,1,107.89
2013,KC Sangakkara,120,136,13,0,88.24
2013,KD Karthik,510,409,54,14,124.69
2013,KK Cooper,39,22,4,2,177.27
2013,KK Nair,9,12,0,0,75.0
2013,KL Rahul,20,16,4,0,125.0
2013,KM Jadhav,152,123,8,5,123.58
2013,KV Sharma,85,86,6,2,98.84
2013,KW Richardson,34,36,2,1,94.44
2013,L Balaji,9,10,1,0,90.0
2013,LA Pomersbach,58,59,5,1,98.31
2013,LJ Wright,106,59,16,3,179.66
2013,LR Shukla,3,12,0,0,25.0
2013,LRPL Taylor,63,76,2,1,82.89
2013,M Kartik,2,3,0,0,66.67
2013,M Manhas,13,17,1,0,76.47
2013,M Morkel,57,29,6,3,196.55
2013,M Rawat,5,11,0,0,45.45
2013,M Vijay,312,286,27,8,109.09
2013,M Vohra,161,117,22,2,137.61
2013,MA Agarwal,67,62,6,3,108.06
2013,MC Henriques,165,124,20,3,133.06
2013,MC Juneja,125,128,11,1,97.66
2013,MDKJ Perera,14,13,3,0,107.69
2013,MEK Hussey,733,565,81,17,129.73
2013,MG Johnson,39,36,2,2,108.33
2013,MK Pandey,136,137,11,3,99.27
2013,MK Tiwary,146,140,12,1,104.29
2013,MM Sharma,0,5,0,0,0.0
2013,MN Samuels,8,18,1,0,44.44
2013,MR Marsh,140,106,6,10,132.08
2013,MS Bisla,255,235,36,6,108.51
2013,MS Dhoni,461,280,32,25,164.64
2013,MS Gony,45,25,4,3,180.0
2013,Mandeep Singh,260,223,36,0,116.59
2013,Mohammed Shami,5,10,0,0,50.0
2013,NLTC Perera,233,162,12,14,143.83
2013,NM Coulter-Nile,9,6,0,1,150.0
2013,NV Ojha,9,10,1,0,90.0
2013,OA Shah,25,23,2,0,108.7
2013,P Awana,1,9,0,0,11.11
2013,P Dogra,5,8,0,0,62.5
2013,P Kumar,47,38,3,3,123.68
2013,PA Patel,294,255,37,4,115.29
2013,PA Reddy,91,101,9,0,90.1
2013,PC Valthaty,6,17,0,0,35.29
2013,PJ Sangwan,4,2,1,0,200.0
2013,PP Chawla,64,57,5,3,112.28
2013,PP Ojha,2,4,0,0,50.0
2013,PV Tambe,3,6,0,0,50.0
2013,Parvez Rasool,5,9,0,0,55.56
2013,Q de Kock,6,15,1,0,40.0
2013,R Ashwin,35,49,4,0,71.43
2013,R Bhatia,99,80,8,3,123.75
2013,R Dhawan,21,21,3,0,100.0
2013,R Dravid,471,424,64,5,111.08
2013,R McLaren,3,6,0,0,50.0
2013,R Rampaul,38,36,3,1,105.56
2013,R Sathish,109,76,9,5,143.42
2013,R Sharma,11,17,1,0,64.71
2013,R Shukla,1,2,0,0,50.0
2013,R Vinay Kumar,70,44,6,3,159.09
2013,RA Jadeja,201,134,17,6,150.0
2013,RE van der Merwe,22,25,2,0,88.0
2013,RG Sharma,538,408,35,28,131.86
2013,RJ Harris,2,5,0,0,40.0
2013,RN ten Doeschate,85,63,9,2,134.92
2013,RT Ponting,52,75,3,1,69.33
2013,RV Gomez,4,1,1,0,400.0
2013,RV Uthappa,434,368,42,12,117.93
2013,S Anirudha,0,2,0,0,0.0
2013,S Badrinath,124,120,11,0,103.33
2013,S Dhawan,311,253,37,5,122.92
2013,S Kaul,7,9,0,0,77.78
2013,S Nadeem,14,27,1,0,51.85
2013,S Narwal,23,15,4,0,153.33
2013,S Sreesanth,1,4,0,0,25.0
2013,SE Marsh,300,249,39,4,120.48
2013,SK Raina,548,364,50,18,150.55
2013,SK Trivedi,3,7,0,0,42.86
2013,SL Malinga,9,18,1,0,50.0
2013,SMSM Senanayake,10,16,0,0,62.5
2013,SP Narine,21,19,0,2,110.53
2013,SPD Smith,159,132,15,4,120.45
2013,SR Tendulkar,287,231,38,5,124.24
2013,SR Watson,543,378,59,22,143.65
2013,SS Tiwary,109,106,4,4,102.83
2013,STR Binny,293,199,25,12,147.24
2013,SV Samson,206,178,19,5,115.73
2013,SW Tait,1,3,0,0,33.33
2013,Sachin Baby,3,7,0,0,42.86
2013,Sandeep Sharma,0,1,0,0,0.0
2013,TL Suman,52,58,8,0,89.66
2013,TM Dilshan,76,92,12,0,82.61
2013,UA Birla,7,14,1,0,50.0
2013,UBT Chand,158,157,17,4,100.64
2013,UT Yadav,38,38,3,1,100.0
2013,V Kohli,634,452,64,22,140.27
2013,V Sehwag,295,229,41,6,128.82
2013,WD Parnell,5,7,0,0,71.43
2013,WP Saha,70,56,6,4,125.0
2013,X Thalaivan Sargunam,10,17,0,0,58.82
2013,YK Pathan,332,239,30,14,138.91
2013,Yuvraj Singh,238,190,14,15,125.26
2014,A Mishra,4,7,0,0,57.14
2014,AB Dinda,4,12,0,0,33.33
2014,AB de Villiers,395,248,26,24,159.27
2014,AD Russell,2,8,0,0,25.0
2014,AJ Finch,309,261,31,9,118.39
2014,AM Nayar,43,46,5,1,93.48
2014,AM Rahane,339,291,38,3,116.49
2014,AN Ahmed,4,1,1,0,400.0
2014,AP Tare,126,97,16,3,129.9
2014,AR Patel,62,60,6,1,103.33
2014,AT Rayudu,361,286,31,8,126.22
2014,Ankit Sharma,34,30,4,1,113.33
2014,B Kumar,1,4,0,0,25.0
2014,BB McCullum,405,333,32,19,121.62
2014,BCJ Cutting,8,6,0,1,133.33
2014,BE Hendricks,0,1,0,0,0.0
2014,BJ Hodge,101,72,4,6,140.28
2014,BR Dunk,40,35,7,0,114.29
2014,CA Lynn,58,49,5,3,118.37
2014,CA Pujara,125,123,17,0,101.63
2014,CH Gayle,196,184,18,12,106.52
2014,CJ Anderson,265,181,21,15,146.41
2014,CM Gautam,121,110,13,5,110.0
2014,DA Miller,446,299,34,21,149.16
2014,DA Warner,528,371,39,24,142.32
2014,DH Yagnik,4,6,0,0,66.67
2014,DJ Bravo,8,3,0,1,266.67
2014,DJ Hussey,116,94,8,6,123.4
2014,DJG Sammy,108,91,4,8,118.68
2014,DR Smith,566,415,50,34,136.39
2014,DS Kulkarni,35,25,1,2,140.0
2014,DW Steyn,22,26,1,0,84.62
2014,F du Plessis,303,235,26,7,128.94
2014,G Gambhir,335,290,36,4,115.52
2014,GJ Bailey,257,188,19,10,136.7
2014,GJ Maxwell,552,291,48,36,189.69
2014,HV Patel,13,7,1,1,185.71
2014,Harbhajan Singh,28,25,2,2,112.0
2014,IK Pathan,55,54,5,0,101.85
2014,Imran Tahir,8,10,2,0,80.0
2014,JA Morkel,45,41,1,3,109.76
2014,JD Unadkat,1,6,0,0,16.67
2014,JDS Neesham,42,46,3,1,91.3
2014,JH Kallis,151,128,13,4,117.97
2014,JJ Bumrah,1,3,0,0,33.33
2014,JO Holder,16,12,2,1,133.33
2014,JP Duminy,410,302,22,20,135.76
2014,JP Faulkner,181,93,8,16,194.62
2014,KA Pollard,273,202,15,15,135.15
2014,KD Karthik,325,258,28,11,125.97
2014,KK Cooper,39,26,2,3,150.0
2014,KK Nair,330,232,38,9,142.24
2014,KL Rahul,166,164,12,3,101.22
2014,KM Jadhav,149,99,13,7,150.51
2014,KP Pietersen,294,233,34,7,126.18
2014,KV Sharma,42,29,1,3,144.83
2014,KW Richardson,1,2,0,0,50.0
2014,Karanveer Singh,1,1,0,0,100.0
2014,L Balaji,1,3,0,0,33.33
2014,LMP Simmons,394,290,43,14,135.86
2014,LR Shukla,31,38,2,1,81.58
2014,LRPL Taylor,59,59,6,0,100.0
2014,M Manhas,35,23,3,1,152.17
2014,M Morkel,4,3,0,0,133.33
2014,M Vijay,207,192,20,5,107.81
2014,M Vohra,324,232,27,16,139.66
2014,M de Lange,1,2,0,0,50.0
2014,MA Agarwal,115,91,12,3,126.37
2014,MA Starc,85,84,9,0,101.19
2014,MC Henriques,9,14,1,0,64.29
2014,MEK Hussey,209,182,17,7,114.84
2014,MG Johnson,56,50,4,3,112.0
2014,MK Pandey,401,340,35,10,117.94
2014,MK Tiwary,152,118,14,4,128.81
2014,MM Sharma,1,3,0,0,33.33
2014,MS Bisla,3,9,0,0,33.33
2014,MS Dhoni,371,247,22,20,150.2
2014,Mandeep Singh,24,25,2,0,96.0
2014,Mohammed Shami,3,7,0,0,42.86
2014,NJ Maddinson,16,14,3,0,114.29
2014,NV Ojha,232,160,14,17,145.0
2014,P Kumar,1,2,0,0,50.0
2014,PA Patel,205,185,30,1,110.81
2014,PP Chawla,31,19,4,1,163.16
2014,PP Ojha,4,8,0,0,50.0
2014,PV Tambe,5,9,0,0,55.56
2014,Q de Kock,153,130,19,4,117.69
2014,R Ashwin,45,45,4,0,100.0
2014,R Bhatia,67,53,4,3,126.42
2014,R Dhawan,82,75,8,1,109.33
2014,R Rampaul,13,13,0,1,100.0
2014,R Shukla,18,21,2,0,85.71
2014,R Tewatia,16,13,0,1,123.08
2014,R Vinay Kumar,4,6,0,0,66.67
2014,RA Jadeja,146,109,9,5,133.94
2014,RG Sharma,390,302,31,16,129.14
2014,RN ten Doeschate,52,33,3,4,157.58
2014,RR Rossouw,39,41,2,2,95.12
2014,RV Uthappa,660,478,74,18,138.08
2014,S Anirudha,3,5,0,0,60.0
2014,S Dhawan,377,317,49,7,118.93
2014,S Gopal,11,10,1,0,110.0
2014,S Kaul,2,2,0,0,100.0
2014,S Nadeem,7,19,0,0,36.84
2014,S Rana,73,64,7,1,114.06
2014,SA Yadav,164,114,16,5,143.86
2014,SE Marsh,70,52,7,3,134.62
2014,SK Raina,523,357,51,19,146.5
2014,SL Malinga,2,4,0,0,50.0
2014,SP Narine,10,14,0,0,71.43
2014,SPD Smith,147,109,13,4,134.86
2014,SR Watson,240,195,19,14,123.08
2014,STR Binny,123,121,4,5,101.65
2014,SV Samson,339,273,25,17,124.18
2014,Sandeep Sharma,2,5,0,0,40.0
2014,Shakib Al Hasan,227,151,22,7,150.33
2014,Shivam Sharma,5,3,1,0,166.67
2014,TG Southee,4,4,1,0,100.0
2014,UBT Chand,2,9,0,0,22.22
2014,UT Yadav,2,4,0,0,50.0
2014,V Kohli,359,294,23,16,122.11
2014,V Sehwag,455,314,56,18,144.9
2014,VH Zol,29,26,3,1,111.54
2014,VR Aaron,35,33,2,1,106.06
2014,VS Malik,1,2,0,0,50.0
2014,WD Parnell,2,2,0,0,100.0
2014,WP Saha,362,249,33,18,145.38
2014,Y Venugopal Rao,71,63,8,0,112.7
2014,YK Pathan,268,165,15,20,162.42
2014,YS Chahal,1,1,0,0,100.0
2014,YV Takawale,104,91,17,1,114.29
2014,Yuvraj Singh,376,274,22,28,137.23
2014,Z Khan,8,7,0,1,114.29
2015,A Ashish Reddy,73,46,3,5,158.7
2015,A Mishra,8,12,0,0,66.67
2015,A Nehra,1,7,0,0,14.29
2015,AB de Villiers,513,291,60,22,176.29
2015,AD Mathews,144,103,12,6,139.81
2015,AD Russell,326,169,35,19,192.9
2015,AJ Finch,23,33,4,0,69.7
2015,AM Rahane,540,412,53,13,131.07
2015,AN Ahmed,10,5,2,0,200.0
2015,AP Tare,14,17,1,0,82.35
2015,AR Patel,206,174,13,8,118.39
2015,AT Rayudu,281,192,18,16,146.35
2015,Ankit Sharma,7,6,1,0,116.67
2015,Anureet Singh,18,31,0,1,58.06
2015,Azhar Mahmood,6,7,1,0,85.71
2015,B Kumar,17,10,2,1,170.0
2015,BB McCullum,436,276,51,23,157.97
2015,BE Hendricks,1,2,0,0,50.0
2015,Bipul Sharma,1,2,0,0,50.0
2015,CH Gayle,491,331,39,38,148.34
2015,CH Morris,76,45,3,5,168.89
2015,CJ Anderson,114,96,11,6,118.75
2015,CM Gautam,4,5,0,0,80.0
2015,D Wiese,122,85,12,4,143.53
2015,DA Miller,357,266,21,21,134.21
2015,DA Warner,562,356,65,21,157.87
2015,DJ Bravo,195,148,22,5,131.76
2015,DJ Hooda,151,95,6,11,158.95
2015,DJ Muthuswami,1,3,0,0,33.33
2015,DJG Sammy,13,18,0,0,72.22
2015,DR Smith,399,331,52,16,120.54
2015,DS Kulkarni,4,11,0,0,36.36
2015,DW Steyn,20,13,3,0,153.85
2015,EJG Morgan,187,151,11,11,123.84
2015,F du Plessis,380,304,37,5,125.0
2015,G Gambhir,327,278,41,4,117.63
2015,GB Hogg,7,6,0,0,116.67
2015,GH Vihari,39,34,6,0,114.71
2015,GJ Bailey,259,190,22,7,136.32
2015,GJ Maxwell,145,112,13,8,129.46
2015,Gurkeerat Singh,35,39,3,1,89.74
2015,HH Pandya,112,60,9,8,186.67
2015,HV Patel,19,12,0,2,158.33
2015,Harbhajan Singh,117,72,9,9,162.5
2015,Imran Tahir,5,6,0,0,83.33
2015,Iqbal Abdulla,20,17,4,0,117.65
2015,J Botha,31,15,5,1,206.67
2015,J Suchith,48,32,4,2,150.0
2015,J Theron,1,1,0,0,100.0
2015,JA Morkel,86,65,9,2,132.31
2015,JP Duminy,414,315,27,20,131.43
2015,JP Faulkner,144,107,12,5,134.58
2015,KA Pollard,419,255,28,28,164.31
2015,KD Karthik,141,117,15,4,120.51
2015,KK Nair,181,145,18,5,124.83
2015,KL Rahul,142,124,8,5,114.52
2015,KM Jadhav,189,140,16,7,135.0
2015,KS Williamson,31,27,1,1,114.81
2015,KV Sharma,104,85,3,6,122.35
2015,Karanveer Singh,11,16,1,0,68.75
2015,LMP Simmons,540,438,56,21,123.29
2015,M Morkel,4,3,0,0,133.33
2015,M Vijay,251,228,27,8,110.09
2015,M Vohra,82,81,4,5,101.23
2015,MA Agarwal,213,176,23,7,121.02
2015,MA Starc,11,14,1,0,78.57
2015,MC Henriques,287,210,19,13,136.67
2015,MEK Hussey,77,70,5,3,110.0
2015,MG Johnson,31,36,1,1,86.11
2015,MJ McClenaghan,13,6,0,2,216.67
2015,MK Pandey,225,184,22,7,122.28
2015,MK Tiwary,57,56,8,1,101.79
2015,MM Sharma,28,18,1,2,155.56
2015,MS Bisla,37,30,6,1,123.33
2015,MS Dhoni,372,305,27,17,121.97
2015,Mandeep Singh,157,100,17,6,157.0
2015,NJ Maddinson,4,7,1,0,57.14
2015,NLTC Perera,12,15,0,1,80.0
2015,NM Coulter-Nile,20,18,2,1,111.11
2015,NV Ojha,137,120,12,4,114.17
2015,P Kumar,17,25,1,0,68.0
2015,P Negi,116,72,10,5,161.11
2015,PA Patel,339,246,47,5,137.8
2015,PJ Cummins,0,2,0,0,0.0
2015,PP Chawla,54,47,5,2,114.89
2015,PV Tambe,3,5,0,0,60.0
2015,Parvez Rasool,2,2,0,0,100.0
2015,Q de Kock,122,77,18,4,158.44
2015,R Ashwin,52,32,6,1,162.5
2015,R Bhatia,0,1,0,0,0.0
2015,R Dhawan,36,33,2,2,109.09
2015,R Vinay Kumar,0,2,0,0,0.0
2015,RA Jadeja,132,126,7,3,104.76
2015,RG More,2,2,0,0,100.0
2015,RG Sharma,482,333,41,21,144.74
2015,RN ten Doeschate,61,45,4,3,135.56
2015,RR Rossouw,14,10,1,1,140.0
2015,RS Bopara,145,120,6,6,120.83
2015,RV Uthappa,364,277,42,7,131.41
2015,S Aravind,0,1,0,0,0.0
2015,S Dhawan,353,285,45,6,123.86
2015,S Gopal,1,1,0,0,100.0
2015,S Nadeem,2,7,0,0,28.57
2015,SA Abbott,15,13,1,1,115.38
2015,SA Yadav,157,113,12,8,138.94
2015,SE Marsh,81,58,7,3,139.66
2015,SK Raina,374,303,31,16,123.43
2015,SL Malinga,6,10,1,0,60.0
2015,SN Khan,111,70,12,2,158.57
2015,SN Thakur,7,6,1,0,116.67
2015,SP Narine,0,1,0,0,0.0
2015,SPD Smith,293,219,33,3,133.79
2015,SR Watson,347,256,37,14,135.55
2015,SS Iyer,439,342,41,21,128.36
2015,SS Tiwary,109,78,9,5,139.74
2015,STR Binny,74,65,7,1,113.85
2015,SV Samson,204,162,16,8,125.93
2015,Sandeep Sharma,9,14,1,0,64.29
2015,Shakib Al Hasan,36,27,5,0,133.33
2015,TG Southee,13,9,1,0,144.44
2015,UBT Chand,102,83,13,2,122.89
2015,UT Yadav,29,14,5,1,207.14
2015,V Kohli,505,386,35,23,130.83
2015,V Sehwag,99,84,12,3,117.86
2015,VR Aaron,6,3,0,1,200.0
2015,WP Saha,249,197,16,10,126.4
2015,YK Pathan,312,229,29,12,136.24
2015,YS Chahal,1,1,0,0,100.0
2015,Yuvraj Singh,248,209,23,10,118.66
2016,A Ashish Reddy,47,29,2,4,162.07
2016,A Mishra,4,14,0,0,28.57
2016,A Nehra,1,1,0,0,100.0
2016,A Zampa,0,1,0,0,0.0
2016,AB de Villiers,687,405,57,37,169.63
2016,AD Nath,20,27,1,0,74.07
2016,AD Russell,188,114,10,15,164.91
2016,AJ Finch,393,297,45,11,132.32
2016,AM Rahane,480,378,54,9,126.98
2016,AP Tare,8,15,1,0,53.33
2016,AR Patel,111,77,4,8,144.16
2016,AT Rayudu,334,277,28,12,120.58
2016,Ankit Sharma,3,3,0,0,100.0
2016,B Kumar,43,27,6,1,159.26
2016,BB McCullum,354,262,38,16,135.11
2016,BB Sran,4,3,0,0,133.33
2016,BCJ Cutting,65,34,4,6,191.18
2016,Bipul Sharma,51,25,1,5,204.0
2016,C Munro,30,30,3,0,100.0
2016,CA Lynn,25,22,0,1,113.64
2016,CH Gayle,227,150,17,21,151.33
2016,CH Morris,195,109,15,12,178.9
2016,CJ Jordan,3,4,0,0,75.0
2016,CR Brathwaite,83,38,6,8,218.42
2016,D Wiese,5,4,0,0,125.0
2016,DA Miller,161,130,11,4,123.85
2016,DA Warner,848,558,88,31,151.97
2016,DJ Bravo,99,82,11,1,120.73
2016,DJ Hooda,144,119,9,5,121.01
2016,DR Smith,324,220,35,16,147.27
2016,DS Kulkarni,27,16,3,0,168.75
2016,DW Steyn,1,2,0,0,50.0
2016,EJG Morgan,123,105,8,4,117.14
2016,ER Dwivedi,24,14,2,2,171.43
2016,F Behardien,14,13,2,0,107.69
2016,F du Plessis,206,162,17,9,127.16
2016,G Gambhir,501,411,54,6,121.9
2016,GJ Bailey,84,97,9,2,86.6
2016,GJ Maxwell,179,124,14,8,144.35
2016,Gurkeerat Singh,113,86,11,3,131.4
2016,HH Pandya,44,63,4,0,69.84
2016,HM Amla,157,119,20,4,131.93
2016,Harbhajan Singh,92,84,11,2,109.52
2016,IK Pathan,11,13,0,0,84.62
2016,Imran Tahir,5,7,1,0,71.43
2016,Iqbal Abdulla,37,26,4,1,142.31
2016,Ishan Kishan,42,41,5,0,102.44
2016,J Yadav,6,10,0,0,60.0
2016,JA Morkel,16,9,0,2,177.78
2016,JC Buttler,255,183,23,11,139.34
2016,JJ Bumrah,8,11,1,0,72.73
2016,JO Holder,22,19,2,1,115.79
2016,JP Duminy,191,155,13,3,123.23
2016,JP Faulkner,77,58,7,0,132.76
2016,KA Pollard,207,144,11,16,143.75
2016,KC Cariappa,13,11,0,1,118.18
2016,KD Karthik,335,266,38,3,125.94
2016,KH Pandya,237,124,22,13,191.13
2016,KJ Abbott,13,8,0,1,162.5
2016,KK Nair,357,295,40,6,121.02
2016,KL Rahul,397,271,37,16,146.49
2016,KM Jadhav,42,31,2,2,135.48
2016,KP Pietersen,73,61,4,3,119.67
2016,KS Williamson,124,122,14,0,101.64
2016,KV Sharma,36,30,3,1,120.0
2016,KW Richardson,1,1,0,0,100.0
2016,LMP Simmons,8,8,0,1,100.0
2016,M Ashwin,0,1,0,0,0.0
2016,M Morkel,1,1,0,0,100.0
2016,M Vijay,453,364,50,10,124.45
2016,M Vohra,161,131,19,3,122.9
2016,MA Agarwal,27,25,3,1,108.0
2016,MC Henriques,182,157,15,6,115.92
2016,MG Johnson,5,14,0,0,35.71
2016,MJ Guptill,57,55,3,3,103.64
2016,MJ McClenaghan,34,23,2,3,147.83
2016,MK Pandey,248,183,17,9,135.52
2016,MM Sharma,32,26,3,1,123.08
2016,MP Stoinis,146,108,13,4,135.19
2016,MR Marsh,7,11,0,0,63.64
2016,MS Dhoni,284,210,18,14,135.24
2016,Mohammed Shami,2,4,0,0,50.0
2016,N Rana,104,74,7,8,140.54
2016,NLTC Perera,150,92,7,11,163.04
2016,NM Coulter-Nile,9,14,1,0,64.29
2016,NS Naik,23,31,1,0,74.19
2016,NV Ojha,136,138,7,5,98.55
2016,P Kumar,24,26,3,0,92.31
2016,P Negi,57,59,2,3,96.61
2016,P Sahu,19,13,1,1,146.15
2016,PA Patel,177,151,23,4,117.22
2016,PP Chawla,27,26,4,0,103.85
2016,PSP Handscomb,6,12,0,0,50.0
2016,PV Tambe,7,18,1,0,38.89
2016,Parvez Rasool,10,9,1,0,111.11
2016,Q de Kock,445,326,52,13,136.5
2016,R Ashwin,41,38,3,1,107.89
2016,R Bhatia,34,20,1,2,170.0
2016,R Dhawan,14,6,0,1,233.33
2016,R Sathish,24,24,1,1,100.0
2016,R Vinay Kumar,13,12,0,1,108.33
2016,RA Jadeja,191,175,14,4,109.14
2016,RG Sharma,489,366,49,16,133.61
2016,RR Pant,198,152,19,6,130.26
2016,RV Uthappa,394,288,45,8,136.81
2016,S Dhawan,501,427,51,8,117.33
2016,S Gopal,2,16,0,0,12.5
2016,S Kaushik,0,1,0,0,0.0
2016,S Nadeem,1,5,0,0,20.0
2016,SA Yadav,182,141,18,5,129.08
2016,SB Jakati,1,2,0,0,50.0
2016,SE Marsh,159,134,13,4,118.66
2016,SK Raina,399,312,39,10,127.88
2016,SN Khan,66,31,7,4,212.9
2016,SP Narine,7,13,0,0,53.85
2016,SPD Smith,270,175,27,8,154.29
2016,SR Watson,179,134,14,12,133.58
2016,SS Iyer,30,43,2,1,69.77
2016,SS Tiwary,170,139,17,4,122.3
2016,STR Binny,63,39,5,4,161.54
2016,SV Samson,291,258,20,8,112.79
2016,SW Billings,88,63,4,4,139.68
2016,Sachin Baby,119,77,9,5,154.55
2016,Sandeep Sharma,8,9,0,0,88.89
2016,Shakib Al Hasan,114,106,7,5,107.55
2016,Swapnil Singh,0,1,0,0,0.0
2016,TG Southee,30,18,1,2,166.67
2016,TM Head,54,39,3,2,138.46
2016,UBT Chand,0,4,0,0,0.0
2016,UT Khawaja,127,99,14,3,128.28
2016,UT Yadav,9,5,0,1,180.0
2016,V Kohli,973,637,83,38,152.75
2016,WP Saha,270,212,29,1,127.36
2016,YK Pathan,361,248,33,13,145.56
2016,Yuvraj Singh,236,179,22,13,131.84
2016,Z Khan,6,13,1,0,46.15
2017,A Choudhary,25,20,1,1,125.0
2017,A Mishra,49,52,2,2,94.23
2017,A Zampa,5,7,1,0,71.43
2017,AB Dinda,7,7,1,0,100.0
2017,AB de Villiers,216,163,12,16,132.52
2017,AD Mathews,32,27,2,1,118.52
2017,AD Nath,0,1,0,0,0.0
2017,AF Milne,7,12,0,0,58.33
2017,AJ Finch,299,179,25,19,167.04
2017,AJ Tye,53,29,4,3,182.76
2017,AM Rahane,382,323,35,9,118.27
2017,AP Tare,18,23,3,0,78.26
2017,AR Bawne,12,12,1,0,100.0
2017,AR Patel,227,162,11,11,140.12
2017,AS Rajpoot,4,7,1,0,57.14
2017,AT Rayudu,91,78,7,3,116.67
2017,Ankit Sharma,25,15,2,1,166.67
2017,Ankit Soni,7,9,0,1,77.78
2017,Anureet Singh,15,12,2,0,125.0
2017,B Kumar,4,4,0,0,100.0
2017,BA Stokes,316,221,22,15,142.99
2017,BB McCullum,319,217,29,18,147.0
2017,BCJ Cutting,51,26,5,3,196.15
2017,Basil Thampi,28,28,1,1,100.0
2017,Bipul Sharma,31,24,2,1,129.17
2017,C de Grandhomme,126,92,10,6,136.96
2017,CA Lynn,295,161,25,19,183.23
2017,CH Gayle,200,162,15,14,123.46
2017,CH Morris,154,94,15,6,163.83
2017,CJ Anderson,142,122,8,9,116.39
2017,CJ Jordan,0,1,0,0,0.0
2017,CR Brathwaite,12,15,2,0,80.0
2017,CR Woakes,46,47,4,1,97.87
2017,DA Miller,83,78,4,4,106.41
2017,DA Warner,641,449,63,26,142.76
2017,DJ Hooda,78,52,5,4,150.0
2017,DL Chahar,14,6,0,2,233.33
2017,DM Bravo,6,5,1,0,120.0
2017,DR Smith,239,156,32,8,153.21
2017,DS Kulkarni,1,2,0,0,50.0
2017,DT Christian,79,49,5,5,161.22
2017,EJG Morgan,65,62,6,2,104.84
2017,F du Plessis,8,7,1,0,114.29
2017,G Gambhir,498,389,62,7,128.02
2017,GJ Maxwell,310,178,19,26,174.16
2017,HH Pandya,250,159,11,20,157.23
2017,HM Amla,420,287,40,17,146.34
2017,Harbhajan Singh,16,16,0,1,100.0
2017,I Sharma,8,12,1,0,66.67
2017,IK Pathan,2,3,0,0,66.67
2017,IR Jaggi,33,39,3,0,84.62
2017,Imran Tahir,0,2,0,0,0.0
2017,Iqbal Abdulla,5,7,0,0,71.43
2017,Ishan Kishan,277,205,29,13,135.12
2017,JC Buttler,272,177,27,15,153.67
2017,JD Unadkat,2,5,0,0,40.0
2017,JJ Bumrah,16,12,0,1,133.33
2017,JJ Roy,59,40,9,1,147.5
2017,JP Faulkner,54,56,4,0,96.43
2017,K Rabada,55,64,5,1,85.94
2017,KA Pollard,385,276,26,22,139.49
2017,KC Cariappa,2,7,0,0,28.57
2017,KD Karthik,361,258,30,11,139.92
2017,KH Pandya,243,179,24,7,135.75
2017,KK Nair,281,226,39,6,124.34
2017,KM Jadhav,267,183,25,10,145.9
2017,KS Williamson,256,168,20,10,152.38
2017,KV Sharma,49,41,5,2,119.51
2017,Kuldeep Yadav,20,22,2,0,90.91
2017,LH Ferguson,1,1,0,0,100.0
2017,LMP Simmons,137,112,10,8,122.32
2017,M Vohra,229,159,23,9,144.03
2017,MA Agarwal,26,27,3,0,96.3
2017,MC Henriques,277,203,28,4,136.45
2017,MG Johnson,20,17,1,1,117.65
2017,MJ Guptill,132,87,17,5,151.72
2017,MJ McClenaghan,16,15,0,1,106.67
2017,MK Pandey,396,306,28,12,129.41
2017,MK Tiwary,324,235,31,11,137.87
2017,MM Patel,0,1,0,0,0.0
2017,MM Sharma,51,50,3,1,102.0
2017,MN Samuels,29,31,1,2,93.55
2017,MP Stoinis,17,24,1,0,70.83
2017,MS Dhoni,290,250,15,16,116.0
2017,Mandeep Singh,188,177,21,4,106.21
2017,Mohammad Nabi,2,3,0,0,66.67
2017,Mohammed Shami,36,24,4,2,150.0
2017,N Rana,333,263,24,17,126.62
2017,NM Coulter-Nile,14,12,0,2,116.67
2017,NV Ojha,79,65,2,3,121.54
2017,P Kumar,8,9,0,0,88.89
2017,P Negi,144,111,10,7,129.73
2017,PA Patel,395,293,49,8,134.81
2017,PJ Cummins,77,53,5,4,145.28
2017,PJ Sangwan,2,4,0,0,50.0
2017,PP Chawla,2,6,0,0,33.33
2017,R Bhatia,16,17,0,1,94.12
2017,R Tewatia,19,11,4,0,172.73
2017,RA Jadeja,158,113,13,4,139.82
2017,RA Tripathi,391,267,43,17,146.44
2017,RD Chahar,3,2,0,0,150.0
2017,RG Sharma,333,273,31,9,121.98
2017,RR Pant,366,220,28,24,166.36
2017,RV Uthappa,388,235,36,21,165.11
2017,Rashid Khan,11,9,0,1,122.22
2017,S Aravind,32,40,2,0,80.0
2017,S Badree,13,23,0,0,56.52
2017,S Dhawan,479,375,53,9,127.73
2017,S Kaul,0,2,0,0,0.0
2017,S Nadeem,2,9,0,0,22.22
2017,SA Yadav,105,88,8,3,119.32
2017,SE Marsh,264,192,36,5,137.5
2017,SK Raina,442,304,42,13,145.39
2017,SL Malinga,7,3,0,1,233.33
2017,SN Thakur,0,3,0,0,0.0
2017,SP Jackson,38,31,5,0,122.58
2017,SP Narine,224,130,34,10,172.31
2017,SPD Smith,472,387,38,12,121.96
2017,SR Watson,71,78,6,1,91.03
2017,SS Iyer,338,242,36,10,139.67
2017,SS Tiwary,52,43,9,0,120.93
2017,STR Binny,78,76,6,3,102.63
2017,SV Samson,386,273,32,19,141.39
2017,SW Billings,138,103,19,1,133.98
2017,Sachin Baby,15,15,2,0,100.0
2017,Sandeep Sharma,7,5,0,0,140.0
2017,Shakib Al Hasan,1,1,0,0,100.0
2017,Swapnil Singh,12,19,0,0,63.16
2017,TA Boult,5,8,0,0,62.5
2017,TG Southee,7,3,0,1,233.33
2017,TM Head,151,108,9,6,139.81
2017,TS Mills,8,11,0,1,72.73
2017,UT Yadav,10,13,0,0,76.92
2017,V Kohli,308,252,23,11,122.22
2017,V Shankar,101,75,12,1,134.67
2017,VR Aaron,4,10,0,0,40.0
2017,Vishnu Vinod,19,26,1,1,73.08
2017,WP Saha,234,186,20,8,125.81
2017,Washington Sundar,9,12,0,0,75.0
2017,YK Pathan,143,115,9,6,124.35
2017,YS Chahal,13,26,0,0,50.0
2017,Yuvraj Singh,252,176,30,8,143.18
2017,Z Khan,4,13,0,0,30.77
2018,A Dananjaya,4,5,0,0,80.0
2018,A Mishra,1,2,0,0,50.0
2018,AB de Villiers,480,275,39,30,174.55
2018,AD Hales,148,117,13,6,126.5
2018,AD Nath,9,13,1,0,69.23
2018,AD Russell,316,170,17,31,185.88
2018,AJ Finch,134,100,6,8,134.0
2018,AJ Tye,32,38,2,1,84.21
2018,AM Rahane,370,313,39,5,118.21
2018,AR Patel,80,69,3,4,115.94
2018,AS Rajpoot,11,18,1,0,61.11
2018,AT Rayudu,602,401,53,34,150.12
2018,Abhishek Sharma,63,33,3,5,190.91
2018,Anureet Singh,3,4,0,0,75.0
2018,B Kumar,13,16,1,0,81.25
2018,B Laughlin,1,4,0,0,25.0
2018,B Stanlake,5,2,1,0,250.0
2018,BA Stokes,196,160,13,6,122.5
2018,BB McCullum,127,87,16,6,145.98
2018,BB Sran,3,7,0,0,42.86
2018,BCJ Cutting,96,58,5,8,165.52
2018,Basil Thampi,3,6,0,0,50.0
2018,C Munro,63,41,7,4,153.66
2018,C de Grandhomme,131,83,4,10,157.83
2018,CA Lynn,491,377,56,18,130.24
2018,CH Gayle,368,252,30,27,146.03
2018,CH Morris,46,26,3,2,176.92
2018,CJ Anderson,17,22,0,1,77.27
2018,CR Brathwaite,75,48,1,8,156.25
2018,CR Woakes,17,19,1,1,89.47
2018,DA Miller,74,63,3,2,117.46
2018,DJ Bravo,141,90,8,10,156.67
2018,DJ Hooda,87,81,2,3,107.41
2018,DJM Short,115,99,11,5,116.16
2018,DL Chahar,50,29,1,4,172.41
2018,DR Shorey,8,9,0,1,88.89
2018,DS Kulkarni,6,7,0,0,85.71
2018,DT Christian,26,32,0,1,81.25
2018,E Lewis,382,276,32,24,138.41
2018,F du Plessis,162,128,17,6,126.56
2018,G Gambhir,85,88,8,1,96.59
2018,GJ Maxwell,169,120,14,9,140.83
2018,H Klaasen,57,47,5,1,121.28
2018,HH Pandya,260,195,20,11,133.33
2018,HV Patel,60,33,1,6,181.82
2018,Harbhajan Singh,29,35,3,1,82.86
2018,IS Sodhi,1,6,0,0,16.67
2018,Imran Tahir,2,2,0,0,100.0
2018,Ishan Kishan,275,184,22,17,149.46
2018,JC Archer,15,19,2,0,78.95
2018,JC Buttler,548,352,52,21,155.68
2018,JD Unadkat,49,38,6,1,128.95
2018,JJ Bumrah,10,10,1,0,100.0
2018,JJ Roy,120,94,9,7,127.66
2018,JP Duminy,36,40,3,1,90.0
2018,JPR Scantlebury-Searles,8,6,0,1,133.33
2018,K Gowtham,126,64,9,9,196.88
2018,KA Pollard,133,99,10,7,134.34
2018,KD Karthik,498,336,49,16,148.21
2018,KH Pandya,228,157,22,10,145.22
2018,KK Nair,301,221,23,13,136.2
2018,KL Rahul,659,415,66,32,158.8
2018,KM Jadhav,24,21,1,2,114.29
2018,KS Williamson,735,515,63,28,142.72
2018,Kuldeep Yadav,12,24,1,0,50.0
2018,LE Plunkett,1,3,0,0,33.33
2018,M Ashwin,1,2,0,0,50.0
2018,M Markande,21,24,2,0,87.5
2018,M Prasidh Krishna,1,5,0,0,20.0
2018,M Vijay,12,10,0,1,120.0
2018,M Vohra,55,47,2,4,117.02
2018,MA Agarwal,120,94,9,5,127.66
2018,MA Wood,1,3,0,0,33.33
2018,MG Johnson,16,10,2,0,160.0
2018,MJ McClenaghan,11,9,1,1,122.22
2018,MK Lomror,20,21,1,0,95.24
2018,MK Pandey,284,246,22,5,115.45
2018,MK Tiwary,47,44,4,1,106.82
2018,MM Ali,77,46,4,6,167.39
2018,MM Sharma,10,13,1,0,76.92
2018,MP Stoinis,99,75,6,4,132.0
2018,MS Dhoni,455,301,24,30,151.16
2018,Mandeep Singh,252,186,16,11,135.48
2018,Mohammad Nabi,18,12,3,0,150.0
2018,Mohammed Shami,7,6,1,0,116.67
2018,Mohammed Siraj,25,22,2,1,113.64
2018,Mujeeb Ur Rahman,10,7,2,0,142.86
2018,Mustafizur Rahman,1,3,0,0,33.33
2018,N Rana,304,232,26,14,131.03
2018,NV Ojha,1,4,0,0,25.0
2018,P Chopra,8,6,2,0,133.33
2018,P Negi,3,5,0,0,60.0
2018,PA Patel,153,109,20,4,140.37
2018,PJ Sangwan,0,4,0,0,0.0
2018,PP Chawla,27,34,1,1,79.41
2018,PP Shaw,245,160,27,10,153.12
2018,Q de Kock,201,162,20,8,124.07
2018,R Ashwin,102,71,7,5,143.66
2018,R Tewatia,50,43,5,1,116.28
2018,R Vinay Kumar,6,3,1,0,200.0
2018,RA Jadeja,89,74,3,4,120.27
2018,RA Tripathi,226,166,18,8,136.14
2018,RG Sharma,286,214,25,12,133.64
2018,RK Bhui,0,5,0,0,0.0
2018,RK Singh,29,31,4,0,93.55
2018,RR Pant,684,394,68,37,173.6
2018,RV Uthappa,351,264,30,21,132.95
2018,Rashid Khan,59,31,3,6,190.32
2018,S Dhawan,497,362,59,14,137.29
2018,S Gopal,50,45,5,0,111.11
2018,S Kaul,3,14,0,0,21.43
2018,S Nadeem,6,8,0,0,75.0
2018,SA Yadav,512,384,61,16,133.33
2018,SK Raina,445,335,46,12,132.84
2018,SN Khan,51,41,7,1,124.39
2018,SN Thakur,15,5,3,0,300.0
2018,SP Goswami,52,38,6,1,136.84
2018,SP Narine,357,188,40,23,189.89
2018,SR Watson,555,358,44,35,155.03
2018,SS Iyer,411,309,29,21,133.01
2018,STR Binny,44,39,2,2,112.82
2018,SV Samson,441,319,30,19,138.24
2018,SW Billings,108,78,8,5,138.46
2018,Sandeep Sharma,0,4,0,0,0.0
2018,Shakib Al Hasan,239,195,26,5,122.56
2018,Shivam Mavi,13,15,1,0,86.67
2018,Shubman Gill,203,139,22,5,146.04
2018,TA Boult,0,2,0,0,0.0
2018,TG Southee,52,46,5,1,113.04
2018,TK Curran,23,28,3,0,82.14
2018,UT Yadav,3,11,0,0,27.27
2018,V Kohli,530,379,52,18,139.84
2018,V Shankar,212,147,11,11,144.22
2018,WP Saha,122,102,17,1,119.61
2018,Washington Sundar,65,38,5,4,171.05
2018,YK Pathan,260,200,22,11,130.0
2018,YS Chahal,0,4,0,0,0.0
2018,Yuvraj Singh,65,73,6,2,89.04
2019,A Mishra,21,24,2,0,87.5
2019,AB de Villiers,442,287,31,26,154.01
2019,AD Nath,61,57,5,2,107.02
2019,AD Russell,510,246,31,52,207.32
2019,AJ Turner,3,10,0,0,30.0
2019,AJ Tye,0,2,0,0,0.0
2019,AM Rahane,393,285,45,9,137.89
2019,AR Patel,110,87,10,3,126.44
2019,AS Joseph,15,13,2,0,115.38
2019,AT Rayudu,282,301,20,7,93.69
2019,Abhishek Sharma,9,9,1,0,100.0
2019,Avesh Khan,4,3,1,0,133.33
2019,B Kumar,12,19,1,0,63.16
2019,BA Stokes,123,97,8,4,126.8
2019,BB Sran,3,3,0,0,100.0
2019,BCJ Cutting,18,17,1,1,105.88
2019,Basil Thampi,1,1,0,0,100.0
2019,C Munro,84,70,9,4,120.0
2019,C de Grandhomme,46,49,4,2,93.88
2019,CA Ingram,184,154,20,5,119.48
2019,CA Lynn,405,288,41,22,140.62
2019,CH Gayle,490,319,45,34,153.61
2019,CH Morris,32,37,1,2,86.49
2019,CR Brathwaite,11,9,1,0,122.22
2019,DA Miller,213,163,19,7,130.67
2019,DA Warner,692,481,57,21,143.87
2019,DJ Bravo,80,66,6,3,121.21
2019,DJ Hooda,64,63,5,1,101.59
2019,DL Chahar,7,9,1,0,77.78
2019,DR Shorey,5,8,0,0,62.5
2019,DS Kulkarni,5,3,1,0,166.67
2019,E Lewis,48,52,4,2,92.31
2019,F du Plessis,396,321,36,15,123.36
2019,GC Viljoen,3,7,0,0,42.86
2019,GH Vihari,4,8,0,0,50.0
2019,Gurkeerat Singh,98,70,11,2,140.0
2019,H Klaasen,9,9,0,0,100.0
2019,HF Gurney,1,5,0,0,20.0
2019,HH Pandya,402,209,28,29,192.34
2019,HV Patel,0,2,0,0,0.0
2019,Harbhajan Singh,1,3,0,0,33.33
2019,Harpreet Brar,20,12,2,1,166.67
2019,I Sharma,10,3,1,1,333.33
2019,IS Sodhi,6,11,0,0,54.55
2019,Ishan Kishan,101,100,8,4,101.0
2019,J Suchith,6,15,0,0,40.0
2019,JC Archer,67,40,4,4,167.5
2019,JC Buttler,311,205,38,14,151.71
2019,JD Unadkat,1,3,0,0,33.33
2019,JJ Bumrah,0,1,0,0,0.0
2019,JL Denly,0,1,0,0,0.0
2019,JM Bairstow,445,281,48,18,158.36
2019,K Gowtham,18,19,1,1,94.74
2019,K Rabada,14,15,0,1,93.33
2019,KA Pollard,279,175,14,22,159.43
2019,KC Cariappa,9,3,0,1,300.0
2019,KD Karthik,253,172,22,14,147.09
2019,KH Pandya,183,150,18,5,122.0
2019,KK Ahmed,0,1,0,0,0.0
2019,KK Nair,5,6,0,0,83.33
2019,KL Rahul,593,437,49,25,135.7
2019,KM Jadhav,162,166,19,3,97.59
2019,KMA Paul,18,24,1,1,75.0
2019,KS Williamson,156,129,12,5,120.93
2019,Kuldeep Yadav,12,8,1,0,150.0
2019,LS Livingstone,70,48,6,5,145.83
2019,M Ashwin,3,5,0,0,60.0
2019,M Markande,6,5,1,0,120.0
2019,M Prasidh Krishna,0,2,0,0,0.0
2019,M Vijay,64,61,6,1,104.92
2019,MA Agarwal,332,234,26,14,141.88
2019,MJ Guptill,81,53,4,7,152.83
2019,MJ McClenaghan,11,16,2,0,68.75
2019,MJ Santner,32,22,0,3,145.45
2019,MK Lomror,8,3,2,0,266.67
2019,MK Pandey,344,263,34,6,130.8
2019,MM Ali,220,133,16,17,165.41
2019,MM Sharma,0,2,0,0,0.0
2019,MP Stoinis,211,156,14,10,135.26
2019,MS Dhoni,416,305,22,23,136.39
2019,Mandeep Singh,165,120,10,4,137.5
2019,Mohammad Nabi,115,75,8,7,153.33
2019,Mohammed Shami,1,2,0,0,50.0
2019,Mohammed Siraj,4,12,0,0,33.33
2019,Mujeeb Ur Rahman,0,4,0,0,0.0
2019,N Pooran,168,107,9,14,157.01
2019,N Rana,344,235,27,21,146.38
2019,NS Naik,7,16,1,0,43.75
2019,Navdeep Saini,2,4,0,0,50.0
2019,P Negi,9,12,1,0,75.0
2019,P Ray Barman,19,24,2,0,79.17
2019,P Simran Singh,16,17,1,1,94.12
2019,PA Patel,373,265,48,10,140.75
2019,PP Chawla,42,37,4,2,113.51
2019,PP Shaw,353,263,45,9,134.22
2019,Q de Kock,529,396,45,25,133.59
2019,R Ashwin,42,28,3,3,150.0
2019,R Parag,160,126,17,5,126.98
2019,R Tewatia,26,22,2,1,118.18
2019,RA Jadeja,106,87,7,4,121.84
2019,RA Tripathi,141,117,13,2,120.51
2019,RD Chahar,12,11,2,0,109.09
2019,RG Sharma,405,314,52,10,128.98
2019,RK Bhui,7,12,0,0,58.33
2019,RK Singh,37,34,1,2,108.82
2019,RR Pant,488,298,37,27,163.76
2019,RV Uthappa,282,245,28,10,115.1
2019,Rashid Khan,34,23,2,2,147.83
2019,Rasikh Salam,5,4,0,0,125.0
2019,S Dhawan,521,382,64,11,136.39
2019,S Dube,40,33,1,3,121.21
2019,S Gopal,63,46,8,1,136.96
2019,S Kaul,0,1,0,0,0.0
2019,S Lamichhane,0,1,0,0,0.0
2019,SA Yadav,424,324,45,10,130.86
2019,SD Lad,15,13,1,1,115.38
2019,SE Rutherford,73,54,2,7,135.19
2019,SK Raina,383,312,45,9,122.76
2019,SM Curran,95,55,13,3,172.73
2019,SN Khan,180,141,19,4,127.66
2019,SN Thakur,14,7,1,1,200.0
2019,SO Hetmyer,90,73,4,7,123.29
2019,SP Narine,143,85,17,9,168.24
2019,SPD Smith,319,273,30,4,116.85
2019,SR Watson,398,311,42,20,127.97
2019,SS Iyer,463,384,41,14,120.57
2019,STR Binny,70,40,5,4,175.0
2019,SV Samson,342,229,28,13,149.34
2019,SW Billings,0,4,0,0,0.0
2019,Sandeep Sharma,6,3,1,0,200.0
2019,Shakib Al Hasan,9,10,0,0,90.0
2019,Shubman Gill,296,237,21,10,124.89
2019,TA Boult,7,4,0,1,175.0
2019,TG Southee,9,9,0,0,100.0
2019,UT Yadav,25,25,3,1,100.0
2019,V Kohli,464,327,46,13,141.9
2019,V Shankar,244,193,11,12,126.42
2019,VR Aaron,3,7,0,0,42.86
2019,WP Saha,86,53,13,1,162.26
2019,Washington Sundar,1,3,0,0,33.33
2019,Y Prithvi Raj,0,1,0,0,0.0
2019,YK Pathan,40,45,1,1,88.89
2019,YS Chahal,6,16,0,0,37.5
2019,Yuvraj Singh,98,75,7,6,130.67
2020,A Nortje,7,6,0,0,116.67
2020,AB de Villiers,454,283,33,23,160.42
2020,AD Russell,117,79,9,9,148.1
2020,AJ Finch,268,239,28,8,112.13
2020,AJ Tye,6,6,0,1,100.0
2020,AM Rahane,113,107,12,2,105.61
2020,AR Patel,117,83,6,8,140.96
2020,AS Rajpoot,9,10,0,1,90.0
2020,AT Carey,32,29,0,1,110.34
2020,AT Rayudu,359,279,30,12,128.67
2020,Abdul Samad,111,65,8,6,170.77
2020,Abhishek Sharma,71,56,6,3,126.79
2020,Arshdeep Singh,0,3,0,0,0.0
2020,B Kumar,0,2,0,0,0.0
2020,BA Stokes,285,200,36,7,142.5
2020,CH Gayle,288,210,15,23,137.14
2020,CH Morris,34,21,2,3,161.9
2020,CJ Jordan,29,31,2,0,93.55
2020,CV Varun,10,15,0,0,66.67
2020,D Padikkal,473,378,51,8,125.13
2020,DA Warner,548,405,52,14,135.31
2020,DJ Bravo,7,6,0,0,116.67
2020,DJ Hooda,101,71,5,5,142.25
2020,DL Chahar,7,12,0,0,58.33
2020,DR Sams,0,2,0,0,0.0
2020,DS Kulkarni,3,2,0,0,150.0
2020,DW Steyn,1,2,0,0,50.0
2020,EJG Morgan,418,301,32,24,138.87
2020,F du Plessis,449,319,42,14,140.75
2020,GJ Maxwell,108,105,9,0,102.86
2020,Gurkeerat Singh,71,80,8,0,88.75
2020,HH Pandya,281,155,14,25,181.29
2020,HV Patel,21,24,2,0,87.5
2020,I Udana,15,11,1,1,136.36
2020,Imran Tahir,13,10,2,0,130.0
2020,Ishan Kishan,516,353,36,30,146.18
2020,JC Archer,113,60,5,10,188.33
2020,JC Buttler,328,227,27,16,144.49
2020,JD Unadkat,9,13,0,0,69.23
2020,JDS Neesham,19,18,0,1,105.56
2020,JJ Bumrah,5,3,0,0,166.67
2020,JL Pattinson,15,13,2,0,115.38
2020,JM Bairstow,345,272,31,13,126.84
2020,JO Holder,66,53,5,3,124.53
2020,JR Philippe,78,77,9,1,101.3
2020,K Gowtham,42,27,3,2,155.56
2020,K Rabada,56,49,4,2,114.29
2020,KA Pollard,268,140,15,22,191.43
2020,KD Karthik,169,134,20,4,126.12
2020,KH Pandya,109,92,9,5,118.48
2020,KK Ahmed,0,2,0,0,0.0
2020,KK Nair,16,14,2,0,114.29
2020,KL Nagarkoti,22,31,1,0,70.97
2020,KL Rahul,670,515,58,23,130.1
2020,KM Jadhav,62,65,7,0,95.38
2020,KS Williamson,317,236,26,10,134.32
2020,Kartik Tyagi,4,6,0,0,66.67
2020,Kuldeep Yadav,13,21,1,0,61.9
2020,LH Ferguson,43,29,4,1,148.28
2020,M Ashwin,4,4,0,0,100.0
2020,M Prasidh Krishna,2,4,0,0,50.0
2020,M Vijay,32,43,4,0,74.42
2020,MA Agarwal,424,270,44,15,157.04
2020,MK Lomror,59,54,2,3,109.26
2020,MK Pandey,425,333,35,18,127.63
2020,MM Ali,12,16,1,0,75.0
2020,MP Stoinis,352,235,31,16,149.79
2020,MR Marsh,0,1,0,0,0.0
2020,MS Dhoni,200,172,16,7,116.28
2020,Mandeep Singh,130,109,10,4,119.27
2020,Mohammad Nabi,11,8,2,0,137.5
2020,Mohammed Shami,2,3,0,0,66.67
2020,Mohammed Siraj,17,14,2,0,121.43
2020,Mujeeb Ur Rahman,1,3,0,0,33.33
2020,N Jagadeesan,33,29,4,0,113.79
2020,N Pooran,353,207,23,25,170.53
2020,N Rana,352,254,43,12,138.58
2020,NM Coulter-Nile,25,15,4,0,166.67
2020,NS Naik,1,3,0,0,33.33
2020,Navdeep Saini,27,27,3,0,100.0
2020,P Dubey,7,13,0,0,53.85
2020,P Simran Singh,15,15,2,0,100.0
2020,PJ Cummins,146,114,9,8,128.07
2020,PK Garg,133,109,9,4,122.02
2020,PP Shaw,228,167,27,8,136.53
2020,Q de Kock,503,358,46,22,140.5
2020,R Ashwin,37,34,3,1,108.82
2020,R Parag,86,77,6,3,111.69
2020,R Tewatia,255,182,13,17,140.11
2020,RA Jadeja,232,134,22,11,173.13
2020,RA Tripathi,230,181,21,10,127.07
2020,RD Chahar,2,4,0,0,50.0
2020,RD Gaikwad,204,169,16,6,120.71
2020,RG Sharma,332,260,27,19,127.69
2020,RK Singh,11,11,1,0,100.0
2020,RR Pant,343,298,31,9,115.1
2020,RV Uthappa,196,164,19,7,119.51
2020,Rashid Khan,35,29,3,2,120.69
2020,Ravi Bishnoi,7,12,1,0,58.33
2020,S Dhawan,618,425,67,12,145.41
2020,S Dube,129,105,5,9,122.86
2020,S Gopal,37,39,3,0,94.87
2020,S Nadeem,7,8,1,0,87.5
2020,SA Yadav,480,330,61,11,145.45
2020,SM Curran,186,141,12,12,131.91
2020,SN Khan,33,29,5,0,113.79
2020,SN Thakur,12,21,0,0,57.14
2020,SO Hetmyer,185,124,11,12,149.19
2020,SP Goswami,0,4,0,0,0.0
2020,SP Narine,121,85,10,8,142.35
2020,SPD Smith,311,235,32,9,132.34
2020,SR Watson,299,247,33,13,121.05
2020,SS Cottrell,0,2,0,0,0.0
2020,SS Iyer,519,419,40,16,123.87
2020,SS Tiwary,103,80,8,3,128.75
2020,SV Samson,375,234,21,26,160.26
2020,Sandeep Sharma,12,15,1,0,80.0
2020,Shahbaz Ahmed,1,1,0,0,100.0
2020,Shivam Mavi,10,14,1,0,71.43
2020,Shubman Gill,440,372,44,9,118.28
2020,T Banton,18,20,1,1,90.0
2020,T Natarajan,3,5,0,0,60.0
2020,TA Boult,0,1,0,0,0.0
2020,TK Curran,83,62,5,3,133.87
2020,TU Deshpande,21,12,2,1,175.0
2020,UT Yadav,0,2,0,0,0.0
2020,V Kohli,466,382,23,11,121.99
2020,V Shankar,97,96,10,1,101.04
2020,VR Aaron,1,10,0,0,10.0
2020,WP Saha,214,153,24,5,139.87
2020,Washington Sundar,111,95,10,2,116.84
2020,YBK Jaiswal,40,44,2,2,90.91
2020,YS Chahal,1,3,0,0,33.33
2021,AB de Villiers,313,211,23,16,148.34
2021,AD Russell,183,117,14,14,156.41
2021,AF Milne,16,17,0,1,94.12
2021,AK Markram,146,119,12,4,122.69
2021,AM Rahane,8,8,1,0,100.0
2021,AR Patel,40,46,2,1,86.96
2021,AT Rayudu,257,167,16,17,153.89
2021,Abdul Samad,111,87,4,8,127.59
2021,Abhishek Sharma,98,75,7,4,130.67
2021,Anmolpreet Singh,16,14,2,1,114.29
2021,Anuj Rawat,0,1,0,0,0.0
2021,Arshdeep Singh,2,3,0,0,66.67
2021,Avesh Khan,5,3,1,0,166.67
2021,B Kumar,34,30,3,0,113.33
2021,BA Stokes,0,3,0,0,0.0
2021,C Sakariya,16,24,2,0,66.67
2021,CA Lynn,49,35,4,3,140.0
2021,CH Gayle,193,154,21,8,125.32
2021,CH Morris,67,49,2,5,136.73
2021,CJ Jordan,32,21,1,3,152.38
2021,CR Woakes,15,11,2,0,136.36
2021,CV Varun,2,4,0,0,50.0
2021,D Padikkal,411,327,44,14,125.69
2021,DA Miller,124,113,11,3,109.73
2021,DA Warner,195,181,15,6,107.73
2021,DJ Bravo,47,18,3,4,261.11
2021,DJ Hooda,160,121,9,9,132.23
2021,DJ Malan,26,26,1,1,100.0
2021,DL Chahar,1,1,0,0,100.0
2021,DR Sams,6,6,0,0,100.0
2021,DT Christian,14,23,1,0,60.87
2021,E Lewis,151,93,18,7,162.37
2021,EJG Morgan,133,139,8,6,95.68
2021,F du Plessis,633,456,60,23,138.82
2021,FA Allen,6,11,0,0,54.55
2021,GD Phillips,26,32,1,2,81.25
2021,GHS Garton,2,4,0,0,50.0
2021,GJ Maxwell,513,354,48,21,144.92
2021,HH Pandya,127,111,11,5,114.41
2021,HV Patel,59,46,6,2,128.26
2021,Harbhajan Singh,4,4,0,0,100.0
2021,Harpreet Brar,64,58,3,2,110.34
2021,Ishan Kishan,241,177,21,10,136.16
2021,J Suchith,14,6,2,1,233.33
2021,J Yadav,34,26,2,1,130.77
2021,JA Richardson,15,24,2,0,62.5
2021,JC Buttler,254,164,27,13,154.88
2021,JD Unadkat,41,29,3,2,141.38
2021,JDS Neesham,0,2,0,0,0.0
2021,JJ Bumrah,16,17,2,0,94.12
2021,JJ Roy,150,120,21,1,125.0
2021,JM Bairstow,248,175,20,15,141.71
2021,JO Holder,85,70,2,6,121.43
2021,K Rabada,13,6,2,0,216.67
2021,K Yadav,0,4,0,0,0.0
2021,KA Jamieson,65,55,5,3,118.18
2021,KA Pollard,245,164,16,16,149.39
2021,KD Karthik,223,170,22,7,131.18
2021,KH Pandya,143,122,10,6,117.21
2021,KK Ahmed,1,2,0,0,50.0
2021,KL Nagarkoti,0,2,0,0,0.0
2021,KL Rahul,626,450,48,30,139.11
2021,KM Jadhav,55,52,2,2,105.77
2021,KS Bharat,191,154,10,8,124.03
2021,KS Williamson,266,234,29,2,113.68
2021,Kartik Tyagi,2,4,0,0,50.0
2021,LH Ferguson,18,10,1,1,180.0
2021,LS Livingstone,42,41,3,1,102.44
2021,Lalit Yadav,68,70,7,0,97.14
2021,M Ashwin,15,24,1,0,62.5
2021,M Jansen,0,3,0,0,0.0
2021,M Prasidh Krishna,0,1,0,0,0.0
2021,M Shahrukh Khan,153,114,9,10,134.21
2021,M Vohra,42,39,5,2,107.69
2021,MA Agarwal,441,309,42,18,142.72
2021,MC Henriques,31,32,0,1,96.88
2021,MK Lomror,94,73,3,6,128.77
2021,MK Pandey,292,235,21,10,124.26
2021,MM Ali,357,260,31,19,137.31
2021,MP Stoinis,89,71,11,1,125.35
2021,MS Dhoni,114,107,12,3,106.54
2021,Mandeep Singh,15,13,2,0,115.38
2021,Mohammad Nabi,34,20,3,2,170.0
2021,Mohammed Shami,13,17,0,0,76.47
2021,Mohammed Siraj,20,26,1,1,76.92
2021,Mujeeb Ur Rahman,1,1,0,0,100.0
2021,Mustafizur Rahman,8,14,0,1,57.14
2021,N Pooran,85,76,3,5,111.84
2021,N Rana,383,313,34,17,122.36
2021,NM Coulter-Nile,4,5,0,0,80.0
2021,NT Ellis,18,16,0,1,112.5
2021,Navdeep Saini,2,4,0,0,50.0
2021,P Simran Singh,19,23,1,1,82.61
2021,PJ Cummins,93,56,5,8,166.07
2021,PK Garg,72,74,2,3,97.3
2021,PP Chawla,0,2,0,0,0.0
2021,PP Shaw,479,300,56,18,159.67
2021,PWH de Silva,1,2,0,0,50.0
2021,Q de Kock,297,255,29,7,116.47
2021,R Ashwin,44,42,2,1,104.76
2021,R Parag,93,82,6,4,113.41
2021,R Tewatia,155,147,11,6,105.44
2021,RA Jadeja,227,155,19,9,146.45
2021,RA Tripathi,397,282,41,11,140.78
2021,RD Chahar,14,15,1,0,93.33
2021,RD Gaikwad,635,462,64,23,137.45
2021,RG Sharma,381,298,33,14,127.85
2021,RM Patidar,71,62,3,3,114.52
2021,RR Pant,419,324,42,10,129.32
2021,RV Patel,25,27,3,0,92.59
2021,RV Uthappa,115,84,8,5,136.9
2021,Rashid Khan,83,66,9,2,125.76
2021,Ravi Bishnoi,1,4,0,0,25.0
2021,S Dhawan,587,469,63,16,125.16
2021,S Dube,230,193,18,10,119.17
2021,S Gopal,7,5,0,1,140.0
2021,S Kaul,8,8,1,0,100.0
2021,S Nadeem,0,1,0,0,0.0
2021,SA Yadav,317,220,40,10,144.09
2021,SK Raina,160,127,13,9,125.98
2021,SM Curran,56,29,5,3,193.1
2021,SN Khan,0,4,0,0,0.0
2021,SN Thakur,5,4,0,0,125.0
2021,SO Hetmyer,242,142,19,12,170.42
2021,SP Narine,62,47,3,5,131.91
2021,SPD Smith,152,135,13,2,112.59
2021,SS Iyer,175,171,7,5,102.34
2021,SS Tiwary,115,97,10,2,118.56
2021,SV Samson,484,351,45,17,137.89
2021,Sachin Baby,7,16,0,0,43.75
2021,Sandeep Sharma,8,7,1,0,114.29
2021,Shahbaz Ahmed,59,53,4,2,111.32
2021,Shakib Al Hasan,47,48,3,1,97.92
2021,Shivam Mavi,25,20,2,2,125.0
2021,Shubman Gill,478,401,50,12,119.2
2021,T Shamsi,2,4,0,0,50.0
2021,TA Boult,1,4,0,0,25.0
2021,TG Southee,3,5,0,0,60.0
2021,TH David,1,3,0,0,33.33
2021,TK Curran,21,17,2,0,123.53
2021,TL Seifert,2,4,0,0,50.0
2021,V Kohli,405,337,43,9,120.18
2021,V Shankar,58,52,1,3,111.54
2021,VR Iyer,370,288,37,14,128.47
2021,Virat Singh,15,26,1,0,57.69
2021,WP Saha,131,139,7,5,94.24
2021,Washington Sundar,31,46,2,0,67.39
2021,YBK Jaiswal,249,168,32,10,148.21
2021,YS Chahal,10,27,0,0,37.04
2022,A Badoni,161,130,11,7,123.85
2022,A Manohar,108,75,14,3,144.0
2022,A Nortje,1,6,0,0,16.67
2022,A Tomar,4,8,1,0,50.0
2022,AD Russell,335,189,18,32,177.25
2022,AJ Finch,86,61,10,3,140.98
2022,AK Markram,381,273,25,19,139.56
2022,AM Rahane,133,128,14,4,103.91
2022,AR Patel,182,120,12,10,151.67
2022,AS Joseph,5,7,0,0,71.43
2022,AS Roy,0,2,0,0,0.0
2022,AT Rayudu,274,223,25,15,122.87
2022,Abdul Samad,4,7,0,0,57.14
2022,Abhishek Sharma,426,319,47,13,133.54
2022,Akash Deep,0,2,0,0,0.0
2022,Aman Hakim Khan,5,3,1,0,166.67
2022,Anmolpreet Singh,13,13,1,0,100.0
2022,Anuj Rawat,129,118,10,7,109.32
2022,Arshdeep Singh,21,29,3,0,72.41
2022,Avesh Khan,22,13,0,3,169.23
2022,B Indrajith,21,30,2,0,70.0
2022,B Kumar,24,25,3,0,96.0
2022,B Sai Sudharsan,145,113,14,3,128.32
2022,CJ Jordan,11,8,0,0,137.5
2022,CV Varun,12,18,2,0,66.67
2022,D Brevis,161,113,14,11,142.48
2022,D Padikkal,376,305,40,14,123.28
2022,D Pretorius,44,28,3,3,157.14
2022,DA Miller,481,335,32,23,143.58
2022,DA Warner,432,285,52,15,151.58
2022,DJ Bravo,23,24,1,1,95.83
2022,DJ Hooda,451,329,36,18,137.08
2022,DJ Mitchell,33,44,1,0,75.0
2022,DJ Willey,18,30,3,0,60.0
2022,DP Conway,252,172,22,12,146.51
2022,DR Sams,38,36,1,3,105.56
2022,E Lewis,73,56,8,3,130.36
2022,F du Plessis,468,367,49,13,127.52
2022,FA Allen,8,7,1,0,114.29
2022,Fazalhaq Farooqi,2,8,0,0,25.0
2022,GJ Maxwell,301,177,31,15,170.06
2022,HE van der Dussen,22,24,2,0,91.67
2022,HH Pandya,487,370,49,12,131.62
2022,HR Shokeen,43,48,5,0,89.58
2022,HV Patel,43,39,4,2,110.26
2022,Harpreet Brar,22,25,1,2,88.0
2022,Harshit Rana,2,2,0,0,100.0
2022,Ishan Kishan,418,346,45,11,120.81
2022,J Suchith,2,8,0,0,25.0
2022,JC Buttler,863,574,83,45,150.35
2022,JD Unadkat,59,37,4,3,159.46
2022,JDS Neesham,31,27,3,0,114.81
2022,JJ Bumrah,0,8,0,0,0.0
2022,JM Bairstow,253,173,34,9,146.24
2022,JM Sharma,234,143,22,12,163.64
2022,JO Holder,58,44,2,6,131.82
2022,JR Hazlewood,18,26,1,0,69.23
2022,K Gowtham,0,1,0,0,0.0
2022,K Kartikeya,3,5,0,0,60.0
2022,K Rabada,48,42,5,2,114.29
2022,KA Pollard,144,133,6,9,108.27
2022,KD Karthik,330,178,27,22,185.39
2022,KH Pandya,183,145,16,4,126.21
2022,KK Ahmed,0,2,0,0,0.0
2022,KK Nair,16,18,1,0,88.89
2022,KL Rahul,616,454,45,30,135.68
2022,KR Sen,0,3,0,0,0.0
2022,KS Bharat,8,7,2,0,114.29
2022,KS Sharma,4,4,1,0,100.0
2022,KS Williamson,216,231,16,8,93.51
2022,Kartik Tyagi,7,6,1,0,116.67
2022,Kuldeep Yadav,48,52,3,2,92.31
2022,LH Ferguson,5,4,1,0,125.0
2022,LS Livingstone,437,238,29,34,183.61
2022,Lalit Yadav,161,144,11,7,111.81
2022,M Ashwin,12,14,1,1,85.71
2022,M Jansen,9,7,0,1,128.57
2022,M Prasidh Krishna,6,12,0,0,50.0
2022,M Shahrukh Khan,117,108,4,9,108.33
2022,M Theekshana,7,7,0,1,100.0
2022,M Vohra,19,11,1,2,172.73
2022,MA Agarwal,196,160,23,6,122.5
2022,MJ Santner,22,27,3,0,81.48
2022,MK Lomror,86,57,7,4,150.88
2022,MK Pandey,88,80,9,2,110.0
2022,MM Ali,244,177,24,11,137.85
2022,MP Stoinis,156,106,7,13,147.17
2022,MR Marsh,251,189,19,14,132.8
2022,MS Dhoni,232,186,21,10,124.73
2022,MS Wade,157,138,23,2,113.77
2022,Mandeep Singh,18,23,4,0,78.26
2022,Mohammed Siraj,30,33,5,0,90.91
2022,Mohsin Khan,23,16,2,1,143.75
2022,Mukesh Choudhary,6,6,1,0,100.0
2022,Mustafizur Rahman,3,5,0,0,60.0
2022,N Jagadeesan,40,37,3,1,108.11
2022,N Pooran,306,212,16,21,144.34
2022,N Rana,361,249,29,22,144.98
2022,NM Coulter-Nile,1,2,0,0,50.0
2022,NT Ellis,0,2,0,0,0.0
2022,Navdeep Saini,2,2,0,0,100.0
2022,OC McCoy,8,5,0,1,160.0
2022,OF Smith,51,44,1,5,115.91
2022,P Simran Singh,14,11,2,0,127.27
2022,PBB Rajapaksa,206,128,16,13,160.94
2022,PJ Cummins,63,23,5,6,273.91
2022,PJ Sangwan,2,5,0,0,40.0
2022,PK Garg,46,33,4,2,139.39
2022,PN Mankad,4,1,1,0,400.0
2022,PP Shaw,283,184,37,10,153.8
2022,PVD Chameera,43,28,3,3,153.57
2022,PWH de Silva,38,43,4,1,88.37
2022,Q de Kock,508,340,47,23,149.41
2022,R Ashwin,191,134,14,9,142.54
2022,R Dhawan,37,40,4,2,92.5
2022,R Parag,183,132,11,10,138.64
2022,R Powell,250,167,10,22,149.7
2022,R Sanjay Yadav,0,2,0,0,0.0
2022,R Shepherd,58,40,2,5,145.0
2022,R Tewatia,217,147,22,9,147.62
2022,RA Bawa,11,14,1,0,78.57
2022,RA Jadeja,116,98,6,5,118.37
2022,RA Tripathi,413,260,40,20,158.85
2022,RD Chahar,77,68,7,4,113.24
2022,RD Gaikwad,368,289,33,14,127.34
2022,RG Sharma,268,222,28,13,120.72
2022,RK Singh,174,117,17,7,148.72
2022,RM Patidar,333,217,27,18,153.46
2022,RP Meredith,0,1,0,0,0.0
2022,RR Pant,340,222,35,16,153.15
2022,RV Patel,6,3,0,1,200.0
2022,RV Uthappa,230,170,19,14,135.29
2022,Ramandeep Singh,45,39,3,1,115.38
2022,Rashid Khan,91,44,3,9,206.82
2022,Rasikh Salam,7,6,1,0,116.67
2022,Ravi Bishnoi,0,1,0,0,0.0
2022,S Dhawan,460,372,47,12,123.66
2022,S Dube,289,184,22,16,157.07
2022,S Gopal,9,7,2,0,128.57
2022,SA Abbott,7,5,0,1,140.0
2022,SA Yadav,303,206,23,16,147.09
2022,SE Rutherford,33,50,1,1,66.0
2022,SN Khan,91,67,9,2,135.82
2022,SN Thakur,120,87,7,7,137.93
2022,SO Hetmyer,314,204,21,21,153.92
2022,SP Jackson,23,26,0,1,88.46
2022,SP Narine,71,40,6,6,177.5
2022,SS Iyer,401,298,41,11,134.56
2022,SS Prabhudessai,67,58,7,2,115.52
2022,SV Samson,458,311,43,26,147.27
2022,SW Billings,169,137,9,10,123.36
2022,Shahbaz Ahmed,219,179,14,9,122.35
2022,Shashank Singh,69,47,5,4,146.81
2022,Shivam Mavi,3,7,0,0,42.86
2022,Shubman Gill,483,362,51,11,133.43
2022,Simarjeet Singh,7,8,0,0,87.5
2022,T Stubbs,2,4,0,0,50.0
2022,TA Boult,40,29,2,1,137.93
2022,TG Southee,2,12,0,0,16.67
2022,TH David,186,86,12,16,216.28
2022,TL Seifert,24,19,4,0,126.32
2022,TS Mills,0,3,0,0,0.0
2022,Tilak Varma,397,302,29,16,131.46
2022,UT Yadav,55,40,4,4,137.5
2022,Umran Malik,4,8,0,0,50.0
2022,V Kohli,341,294,32,8,115.99
2022,V Shankar,19,35,1,0,54.29
2022,VG Arora,5,13,0,0,38.46
2022,VR Iyer,182,169,17,7,107.69
2022,WP Saha,317,259,40,7,122.39
2022,Washington Sundar,101,69,9,3,146.38
2022,YBK Jaiswal,258,191,28,10,135.08
2022,YS Chahal,5,8,0,0,62.5
2022,Yash Dayal,0,1,0,0,0.0
2023,A Badoni,238,171,13,12,139.18
2023,A Manohar,114,83,6,7,137.35
2023,A Mishra,19,30,2,0,63.33
2023,A Nortje,37,29,6,0,127.59
2023,A Zampa,10,16,0,0,62.5
2023,AD Russell,227,155,13,18,146.45
2023,AJ Hosein,16,10,1,1,160.0
2023,AK Markram,248,197,18,8,125.89
2023,AM Rahane,326,189,24,16,172.49
2023,AR Patel,283,201,21,15,140.8
2023,AS Joseph,7,12,1,0,58.33
2023,AS Roy,23,19,3,0,121.05
2023,AT Rayudu,158,113,10,9,139.82
2023,AU Rashid,22,15,2,1,146.67
2023,Abdul Basith,1,1,0,0,100.0
2023,Abdul Samad,169,125,10,11,135.2
2023,Abhishek Sharma,226,156,28,6,144.87
2023,Abishek Porel,33,31,1,2,106.45
2023,Akash Deep,17,8,2,1,212.5
2023,Aman Hakim Khan,110,101,7,6,108.91
2023,Anmolpreet Singh,105,82,15,2,128.05
2023,Anuj Rawat,91,71,6,4,128.17
2023,Arjun Tendulkar,13,9,0,1,144.44
2023,Arshad Khan,18,15,0,1,120.0
2023,Arshdeep Singh,2,2,0,0,100.0
2023,Atharva Taide,186,129,20,6,144.19
2023,Avesh Khan,0,1,0,0,0.0
2023,B Kumar,42,47,4,0,89.36
2023,B Sai Sudharsan,362,253,33,12,143.08
2023,BA Stokes,15,14,2,0,107.14
2023,C Green,452,279,40,22,162.01
2023,C Sakariya,4,6,1,0,66.67
2023,CJ Jordan,6,12,0,0,50.0
2023,CV Varun,1,9,0,0,11.11
2023,D Padikkal,261,200,31,6,130.5
2023,D Wiese,21,11,0,3,190.91
2023,DA Miller,259,178,18,13,145.51
2023,DA Warner,516,391,69,10,131.97
2023,DG Nalkande,0,1,0,0,0.0
2023,DJ Hooda,84,90,3,2,93.33
2023,DJ Willey,35,32,4,0,109.38
2023,DL Chahar,1,2,0,0,50.0
2023,DP Conway,672,479,77,18,140.29
2023,Dhruv Jurel,152,88,11,9,172.73
2023,F du Plessis,730,472,60,36,154.66
2023,Fazalhaq Farooqi,1,5,0,0,20.0
2023,GD Phillips,39,22,2,4,177.27
2023,GJ Maxwell,400,218,29,31,183.49
2023,H Klaasen,448,251,32,25,178.49
2023,HC Brook,190,153,23,4,124.18
2023,HH Pandya,346,251,26,15,137.85
2023,HR Shokeen,23,17,4,0,135.29
2023,HV Patel,6,6,0,1,100.0
2023,Harpreet Brar,52,41,5,2,126.83
2023,Harpreet Singh,76,58,8,3,131.03
2023,Harshit Rana,0,1,0,0,0.0
2023,I Sharma,1,1,0,0,100.0
2023,Ishan Kishan,454,318,54,18,142.77
2023,JC Archer,4,4,0,0,100.0
2023,JC Buttler,392,281,42,14,139.5
2023,JD Unadkat,9,7,1,0,128.57
2023,JE Root,10,15,1,0,66.67
2023,JJ Roy,285,187,36,12,152.41
2023,JM Sharma,309,196,22,21,157.65
2023,JO Holder,12,11,0,1,109.09
2023,JP Behrendorff,6,9,0,0,66.67
2023,JR Hazlewood,1,2,0,0,50.0
2023,K Gowtham,61,36,2,5,169.44
2023,K Kartikeya,6,7,1,0,85.71
2023,K Rabada,0,2,0,0,0.0
2023,KD Karthik,140,104,13,5,134.62
2023,KH Pandya,188,164,15,6,114.63
2023,KL Rahul,274,241,28,4,113.69
2023,KM Asif,0,2,0,0,0.0
2023,KM Jadhav,12,10,1,0,120.0
2023,KR Mayers,379,258,38,22,146.9
2023,KS Sharma,12,21,0,0,57.14
2023,KV Sharma,3,5,0,0,60.0
2023,Kuldeep Yadav,31,48,2,0,64.58
2023,LS Livingstone,279,166,20,19,168.07
2023,Lalit Yadav,66,59,8,0,111.86
2023,Liton Das,4,4,1,0,100.0
2023,M Jansen,39,43,4,0,90.7
2023,M Markande,21,13,2,1,161.54
2023,M Shahrukh Khan,156,93,13,9,167.74
2023,M Vohra,10,11,1,0,90.91
2023,MA Agarwal,270,208,29,6,129.81
2023,MA Wood,11,5,1,1,220.0
2023,MD Shanaka,26,26,2,1,100.0
2023,MG Bracewell,58,47,6,1,123.4
2023,MJ Santner,2,4,0,0,50.0
2023,MK Lomror,135,96,9,8,140.62
2023,MK Pandey,160,145,15,3,110.34
2023,MM Ali,124,87,12,6,142.53
2023,MM Sharma,0,1,0,0,0.0
2023,MP Stoinis,408,271,28,27,150.55
2023,MR Marsh,128,97,11,7,131.96
2023,MS Dhoni,104,54,3,10,192.59
2023,MW Short,117,92,15,4,127.17
2023,Mandeep Singh,14,16,0,1,87.5
2023,Mohammed Shami,5,6,1,0,83.33
2023,Mohammed Siraj,1,2,0,0,50.0
2023,Mohit Rathee,1,2,0,0,50.0
2023,Mohsin Khan,0,7,0,0,0.0
2023,Mukesh Kumar,7,9,0,0,77.78
2023,Mustafizur Rahman,1,1,0,0,100.0
2023,N Jagadeesan,89,81,14,1,109.88
2023,N Pooran,358,207,26,26,172.95
2023,N Rana,413,291,39,20,141.92
2023,N Wadhera,241,165,23,12,146.06
2023,NT Ellis,1,7,0,0,14.29
2023,Naveen-ul-Haq,16,20,2,0,80.0
2023,Noor Ahmad,8,9,1,0,88.89
2023,P Dubey,16,20,2,0,80.0
2023,P Simran Singh,358,238,38,19,150.42
2023,PBB Rajapaksa,71,62,6,2,114.52
2023,PD Salt,218,133,24,10,163.91
2023,PK Garg,22,22,1,0,100.0
2023,PN Mankad,93,71,12,2,130.99
2023,PP Chawla,25,22,1,1,113.64
2023,PP Shaw,106,84,16,1,126.19
2023,PWH de Silva,33,28,3,0,117.86
2023,Q de Kock,143,101,10,8,141.58
2023,R Ashwin,67,51,5,3,131.37
2023,R Dhawan,20,12,1,1,166.67
2023,R Parag,78,65,4,5,120.0
2023,R Powell,7,9,1,0,77.78
2023,R Shepherd,0,1,0,0,0.0
2023,R Tewatia,87,57,3,7,152.63
2023,RA Jadeja,190,132,11,9,143.94
2023,RA Tripathi,273,212,29,10,128.77
2023,RD Chahar,0,9,0,0,0.0
2023,RD Gaikwad,590,398,46,30,148.24
2023,RG Sharma,332,248,35,17,133.87
2023,RK Singh,474,313,31,29,151.44
2023,RP Meredith,0,2,0,0,0.0
2023,RR Rossouw,209,140,17,11,149.29
2023,RV Patel,49,43,3,1,113.95
2023,Rahmanullah Gurbaz,227,169,17,15,134.32
2023,Rashid Khan,130,60,8,13,216.67
2023,Ravi Bishnoi,20,27,1,0,74.07
2023,S Dhawan,373,258,49,12,144.57
2023,S Dube,418,264,12,35,158.33
2023,SA Yadav,605,332,65,28,182.23
2023,SM Curran,276,201,20,13,137.31
2023,SN Khan,53,61,4,1,86.89
2023,SN Thakur,113,70,13,4,161.43
2023,SO Hetmyer,299,196,12,23,152.55
2023,SP Narine,21,25,2,1,84.0
2023,SS Prabhudessai,35,29,1,2,120.69
2023,SV Samson,362,236,25,24,153.39
2023,Sandeep Sharma,2,6,0,0,33.33
2023,Sanvir Singh,11,9,1,1,122.22
2023,Shahbaz Ahmed,42,39,3,1,107.69
2023,Shubman Gill,890,560,85,33,158.93
2023,Sikandar Raza,139,98,10,6,141.84
2023,Swapnil Singh,2,4,0,0,50.0
2023,T Stubbs,25,31,2,0,80.65
2023,TA Boult,16,14,1,1,114.29
2023,TH David,231,145,12,15,159.31
2023,TU Deshpande,0,1,0,0,0.0
2023,Tilak Varma,343,208,26,23,164.9
2023,UT Yadav,19,18,1,0,105.56
2023,Umran Malik,19,7,1,2,271.43
2023,V Kohli,639,457,65,16,139.82
2023,V Shankar,301,187,27,15,160.96
2023,VG Arora,3,2,0,0,150.0
2023,VR Iyer,404,276,32,21,146.38
2023,Vijaykumar Vyshak,13,9,0,1,144.44
2023,Vishnu Vinod,37,30,2,2,123.33
2023,Vivrant Sharma,69,47,9,2,146.81
2023,WD Parnell,2,5,0,0,40.0
2023,WP Saha,371,285,47,8,130.18
2023,Washington Sundar,60,60,6,0,100.0
2023,YBK Jaiswal,625,381,82,26,164.04
2023,YV Dhull,16,23,1,0,69.57
2023,Yudhvir Singh,1,2,0,0,50.0
2024,A Badoni,235,171,22,5,137.43
2024,A Kamboj,2,2,0,0,100.0
2024,A Manohar,9,16,1,0,56.25
2024,A Nortje,4,8,0,0,50.0
2024,A Raghuvanshi,163,105,16,8,155.24
2024,AA Kulkarni,9,8,2,0,112.5
2024,AD Russell,222,116,20,16,191.38
2024,AJ Turner,21,18,0,2,116.67
2024,AK Markram,220,175,18,4,125.71
2024,AM Rahane,242,196,23,7,123.47
2024,AR Patel,235,179,19,10,131.28
2024,AS Roy,3,3,0,0,100.0
2024,Abdul Samad,182,108,15,11,168.52
2024,Abhishek Sharma,484,235,36,42,205.96
2024,Abishek Porel,327,204,36,13,160.29
2024,Akash Deep,2,2,0,0,100.0
2024,Akash Madhwal,4,5,0,0,80.0
2024,Anmolpreet Singh,5,6,1,0,83.33
2024,Anuj Rawat,98,77,10,3,127.27
2024,Arshad Khan,78,50,5,5,156.0
2024,Arshad Khan (2),5,4,1,0,125.0
2024,Arshdeep Singh,4,3,1,0,133.33
2024,Ashutosh Sharma,189,110,10,15,171.82
2024,Atharva Taide,61,39,7,2,156.41
2024,Avesh Khan,10,5,1,0,200.0
2024,Azmatullah Omarzai,42,33,2,2,127.27
2024,B Kumar,23,29,3,0,79.31
2024,B Sai Sudharsan,527,368,48,16,143.21
2024,BR Sharath,2,5,0,0,40.0
2024,C Green,255,178,22,10,143.26
2024,D Brevis,69,59,3,5,116.95
2024,D Ferreira,8,11,0,0,72.73
2024,D Padikkal,38,52,3,0,73.08
2024,DA Miller,210,139,20,8,151.08
2024,DA Warner,168,124,17,10,135.48
2024,DG Nalkande,12,11,0,1,109.09
2024,DJ Hooda,145,105,16,3,138.1
2024,DJ Mitchell,318,223,27,10,142.6
2024,Dhruv Jurel,195,141,18,7,138.3
2024,F du Plessis,438,271,47,21,161.62
2024,G Coetzee,14,22,0,1,63.64
2024,GJ Maxwell,52,43,6,2,120.93
2024,Gulbadin Naib,19,15,1,1,126.67
2024,H Klaasen,479,277,19,38,172.92
2024,HH Pandya,216,151,17,11,143.05
2024,HV Patel,13,19,1,1,68.42
2024,Harpreet Brar,75,54,8,2,138.89
2024,Harpreet Singh,27,34,2,0,79.41
2024,I Sharma,1,7,0,0,14.29
2024,Ishan Kishan,320,214,35,16,149.53
2024,J Fraser-McGurk,330,139,32,28,237.41
2024,JA Richardson,2,2,0,0,100.0
2024,JC Buttler,359,254,36,12,141.34
2024,JD Unadkat,24,26,2,1,92.31
2024,JJ Bumrah,12,12,1,0,100.0
2024,JM Bairstow,298,195,33,14,152.82
2024,JM Sharma,187,142,9,12,131.69
2024,K Rabada,20,14,0,2,142.86
2024,KA Maharaj,1,2,0,0,50.0
2024,KD Karthik,326,173,27,22,188.44
2024,KH Pandya,133,105,8,5,126.67
2024,KL Rahul,520,380,45,19,136.84
2024,KS Williamson,27,27,4,0,100.0
2024,KV Sharma,31,15,2,3,206.67
2024,Kuldeep Yadav,47,41,6,1,114.63
2024,Kumar Kushagra,3,7,0,0,42.86
2024,L Wood,9,3,0,1,300.0
2024,LB Williams,1,2,0,0,50.0
2024,LH Ferguson,1,1,0,0,100.0
2024,LS Livingstone,111,78,8,7,142.31
2024,Lalit Yadav,10,12,1,0,83.33
2024,M Jansen,18,13,1,1,138.46
2024,M Shahrukh Khan,127,75,9,9,169.33
2024,MA Agarwal,64,57,8,1,112.28
2024,MA Starc,9,11,1,0,81.82
2024,MJ Santner,14,17,1,0,82.35
2024,MJ Suthar,1,2,0,0,50.0
2024,MK Lomror,125,68,9,9,183.82
2024,MK Pandey,42,30,2,2,140.0
2024,MM Ali,128,98,7,8,130.61
2024,MM Sharma,2,15,0,0,13.33
2024,MP Stoinis,388,261,39,16,148.66
2024,MR Marsh,61,38,9,3,160.53
2024,MS Dhoni,161,72,14,13,223.61
2024,MS Wade,4,6,0,0,66.67
2024,Mayank Dagar,0,1,0,0,0.0
2024,Mohammad Nabi,35,31,2,2,112.9
2024,Mohammed Siraj,12,8,0,2,150.0
2024,Mohsin Khan,2,1,0,0,200.0
2024,Mukesh Kumar,3,9,0,0,33.33
2024,N Pooran,499,279,35,36,178.85
2024,N Rana,42,34,5,1,123.53
2024,N Wadhera,109,84,9,6,129.76
2024,Naman Dhir,140,78,12,10,179.49
2024,Naveen-ul-Haq,2,4,0,0,50.0
2024,Nithish Kumar Reddy,303,212,15,21,142.92
2024,Noor Ahmad,5,9,1,0,55.56
2024,P Simran Singh,334,212,34,20,157.55
2024,PD Salt,435,235,50,24,185.11
2024,PJ Cummins,136,94,9,8,144.68
2024,PP Chawla,15,15,1,1,100.0
2024,PP Shaw,198,121,30,5,163.64
2024,Q de Kock,250,186,29,9,134.41
2024,R Ashwin,86,74,5,4,116.22
2024,R Parag,573,383,40,33,149.61
2024,R Powell,103,68,10,6,151.47
2024,R Ravindra,222,137,22,12,162.04
2024,R Sai Kishore,13,6,0,2,216.67
2024,R Shepherd,57,21,5,5,271.43
2024,R Tewatia,188,126,24,5,149.21
2024,RA Jadeja,267,187,22,8,142.78
2024,RA Tripathi,165,113,18,6,146.02
2024,RD Chahar,21,15,3,1,140.0
2024,RD Gaikwad,583,412,58,18,141.5
2024,RG Sharma,417,276,45,23,151.09
2024,RJ Gleeson,2,2,0,0,100.0
2024,RJW Topley,3,6,0,0,50.0
2024,RK Bhui,3,9,0,0,33.33
2024,RK Singh,168,111,13,8,151.35
2024,RM Patidar,395,223,21,33,177.13
2024,RR Pant,446,287,36,25,155.4
2024,RR Rossouw,211,115,25,11,183.48
2024,Rahmanullah Gurbaz,62,46,7,4,134.78
2024,Ramandeep Singh,125,61,5,12,204.92
2024,Rashid Khan,102,69,11,3,147.83
2024,Rasikh Salam,28,30,4,0,93.33
2024,Ravi Bishnoi,4,6,0,0,66.67
2024,S Dhawan,152,121,18,4,125.62
2024,S Dube,396,243,28,28,162.96
2024,SA Yadav,345,205,36,18,168.29
2024,SB Dubey,33,19,3,2,173.68
2024,SD Hope,183,122,12,12,150.0
2024,SH Johnson,6,7,1,0,85.71
2024,SM Curran,270,217,24,6,124.42
2024,SN Thakur,21,17,2,1,123.53
2024,SO Hetmyer,113,68,9,7,166.18
2024,SP Narine,488,269,50,33,181.41
2024,SS Iyer,351,239,34,14,146.86
2024,SS Prabhudessai,24,18,3,0,133.33
2024,SV Samson,531,343,48,24,154.81
2024,SZ Mulani,1,1,0,0,100.0
2024,Sameer Rizvi,51,43,4,2,118.6
2024,Sanvir Singh,14,12,1,0,116.67
2024,Saurav Chauhan,18,15,1,1,120.0
2024,Shahbaz Ahmed,215,166,7,13,129.52
2024,Shashank Singh,354,215,28,21,164.65
2024,Shivam Singh,2,3,0,0,66.67
2024,Shubman Gill,426,289,37,15,147.4
2024,Sikandar Raza,43,38,2,2,113.16
2024,Sumit Kumar,18,24,2,1,75.0
2024,Swapnil Singh,37,21,3,3,176.19
2024,T Kohler-Cadmore,48,54,7,1,88.89
2024,T Stubbs,378,196,24,26,192.86
2024,TA Boult,14,16,2,0,87.5
2024,TH David,241,150,14,15,160.67
2024,TM Head,567,294,64,32,192.86
2024,TU Deshpande,0,1,0,0,0.0
2024,Tanush Kotian,24,31,3,0,77.42
2024,Tilak Varma,416,277,35,19,150.18
2024,UT Yadav,12,15,0,1,80.0
2024,V Kohli,741,479,62,38,154.7
2024,V Shankar,83,72,7,2,115.28
2024,V Viyaskanth,7,5,0,0,140.0
2024,VG Arora,1,1,0,0,100.0
2024,VR Iyer,370,233,35,19,158.8
2024,Vijaykumar Vyshak,1,3,0,0,33.33
2024,WG Jacks,230,130,16,18,176.92
2024,WP Saha,136,115,18,3,118.26
2024,Washington Sundar,0,1,0,0,0.0
2024,YBK Jaiswal,435,278,54,16,156.47
2024,Yudhvir Singh,21,14,1,2,150.0
2025,A Badoni,329,221,27,14,148.87
2025,A Kamboj,14,12,2,0,116.67
2025,A Manohar,61,61,2,4,100.0
2025,A Mhatre,240,127,31,11,188.98
2025,A Raghuvanshi,300,214,30,8,140.19
2025,AD Russell,167,102,16,14,163.73
2025,AK Markram,445,298,38,22,149.33
2025,AM Rahane,390,264,36,20,147.73
2025,AR Patel,263,167,23,15,157.49
2025,AS Roy,0,1,0,0,0.0
2025,Abdul Samad,164,93,8,14,176.34
2025,Abhishek Sharma,439,225,46,28,195.11
2025,Abishek Porel,301,205,28,12,146.83
2025,Akash Deep,6,2,0,1,300.0
2025,Akash Madhwal,4,9,0,0,44.44
2025,Aniket Verma,236,142,12,20,166.2
2025,Arshad Khan,23,19,0,3,121.05
2025,Arshdeep Singh,2,6,0,0,33.33
2025,Ashutosh Sharma,204,126,14,13,161.9
2025,Atharva Taide,13,9,3,0,144.44
2025,Avesh Khan,21,12,3,1,175.0
2025,Azmatullah Omarzai,57,41,6,3,139.02
2025,B Kumar,14,25,1,0,56.0
2025,B Sai Sudharsan,759,486,88,21,156.17
2025,BKG Mendis,20,10,1,2,200.0
2025,C Bosch,47,32,3,3,146.88
2025,CV Varun,1,1,0,0,100.0
2025,D Brevis,225,125,13,17,180.0
2025,D Ferreira,1,3,0,0,33.33
2025,D Padikkal,247,163,21,14,151.53
2025,DA Miller,153,119,13,4,128.57
2025,DJ Hooda,31,40,2,1,77.5
2025,DL Chahar,37,25,3,2,148.0
2025,DP Conway,156,119,17,4,131.09
2025,DS Rathi,1,3,0,0,33.33
2025,Dhruv Jurel,333,213,22,22,156.34
2025,F du Plessis,202,161,18,8,125.47
2025,Fazalhaq Farooqi,2,2,0,0,100.0
2025,G Coetzee,17,10,2,1,170.0
2025,GJ Maxwell,48,49,5,1,97.96
2025,H Klaasen,487,279,42,25,174.55
2025,HH Pandya,224,137,18,12,163.5
2025,HV Patel,21,26,0,0,80.77
2025,Harpreet Brar,11,13,0,1,84.62
2025,Harshit Rana,57,52,5,3,109.62
2025,Ishan Kishan,354,231,33,15,153.25
2025,J Fraser-McGurk,55,52,7,2,105.77
2025,J Overton,15,7,1,1,214.29
2025,JC Archer,63,50,3,4,126.0
2025,JC Buttler,538,330,52,24,163.03
2025,JG Bethell,67,39,9,3,171.79
2025,JJ Bumrah,0,1,0,0,0.0
2025,JM Bairstow,85,46,7,5,184.78
2025,JM Sharma,261,147,24,17,177.55
2025,JP Inglis,278,171,26,16,162.57
2025,JR Hazlewood,0,1,0,0,0.0
2025,K Kartikeya,3,5,0,0,60.0
2025,K Rabada,9,8,0,1,112.5
2025,KA Jamieson,0,5,0,0,0.0
2025,KH Pandya,109,85,9,4,128.24
2025,KK Ahmed,1,2,0,0,50.0
2025,KK Nair,198,114,24,10,173.68
2025,KL Rahul,539,360,52,21,149.72
2025,KS Rathore,0,5,0,0,0.0
2025,KT Maphaka,8,2,2,0,400.0
2025,KV Sharma,1,1,0,0,100.0
2025,Kuldeep Yadav,18,16,2,0,112.5
2025,L Ngidi,0,2,0,0,0.0
2025,LH Ferguson,4,1,1,0,400.0
2025,LS Livingstone,112,84,4,9,133.33
2025,M Jansen,75,63,3,4,119.05
2025,M Shahrukh Khan,179,100,11,13,179.0
2025,M Theekshana,10,27,0,0,37.04
2025,M Tiwari,3,4,0,0,75.0
2025,MA Agarwal,95,64,10,2,148.44
2025,MA Starc,6,10,0,0,60.0
2025,MJ Owen,0,2,0,0,0.0
2025,MJ Santner,40,33,2,3,121.21
2025,MK Pandey,92,65,5,5,141.54
2025,MM Ali,5,14,0,0,35.71
2025,MM Sharma,1,3,0,0,33.33
2025,MP Breetzke,14,12,1,1,116.67
2025,MP Stoinis,160,85,8,15,188.24
2025,MR Marsh,627,381,56,37,164.57
2025,MS Bhandage,1,4,0,0,25.0
2025,MS Dhoni,196,145,12,12,135.17
2025,Mohammed Shami,10,10,1,0,100.0
2025,Mohammed Siraj,3,4,0,0,75.0
2025,Musheer Khan,0,3,0,0,0.0
2025,Mustafizur Rahman,0,1,0,0,0.0
2025,N Pooran,524,265,45,40,197.74
2025,N Rana,217,134,27,9,161.94
2025,N Wadhera,369,251,28,21,147.01
2025,Naman Dhir,252,138,24,13,182.61
2025,Nithish Kumar Reddy,182,152,16,4,119.74
2025,Noor Ahmad,7,17,0,0,41.18
2025,P Simran Singh,599,368,63,30,162.77
2025,PD Salt,403,227,48,22,177.53
2025,PHKD Mendis,92,68,7,2,135.29
2025,PJ Cummins,97,58,6,7,167.24
2025,PVD Chameera,10,14,0,0,71.43
2025,PVSN Raju,1,1,0,0,100.0
2025,PWA Mulder,9,11,1,0,81.82
2025,PWH de Silva,9,15,0,0,60.0
2025,Prince Yadav,5,10,0,0,50.0
2025,Priyansh Arya,545,298,60,31,182.89
2025,Q de Kock,152,116,9,11,131.03
2025,R Ashwin,33,29,3,1,113.79
2025,R Minz,6,15,0,0,40.0
2025,R Parag,393,235,27,27,167.23
2025,R Powell,5,5,1,0,100.0
2025,R Ravindra,191,147,18,4,129.93
2025,R Sai Kishore,5,10,0,0,50.0
2025,R Shepherd,70,23,5,7,304.35
2025,R Tewatia,99,59,6,7,167.8
2025,RA Bawa,8,4,0,0,200.0
2025,RA Jadeja,301,222,25,10,135.59
2025,RA Tripathi,55,57,6,1,96.49
2025,RD Gaikwad,122,81,14,4,150.62
2025,RD Rickelton,388,255,47,17,152.16
2025,RG Sharma,418,279,41,22,149.82
2025,RK Singh,206,133,20,10,154.89
2025,RM Patidar,312,217,25,14,143.78
2025,RR Pant,269,202,23,16,133.17
2025,Rahmanullah Gurbaz,74,53,10,3,139.62
2025,Ramandeep Singh,47,35,1,4,134.29
2025,Rashid Khan,40,28,2,3,142.86
2025,Ravi Bishnoi,13,16,0,2,81.25
2025,S Dube,357,268,22,21,133.21
2025,SA Yadav,717,427,69,38,167.92
2025,SB Dubey,106,65,6,8,163.08
2025,SE Rutherford,291,184,22,18,158.15
2025,SH Johnson,2,4,0,0,50.0
2025,SK Rasheed,71,63,9,2,112.7
2025,SM Curran,114,82,11,4,139.02
2025,SN Thakur,18,12,3,0,150.0
2025,SO Hetmyer,239,164,17,11,145.73
2025,SP Narine,246,144,25,19,170.83
2025,SS Iyer,604,343,43,39,176.09
2025,SV Samson,285,201,27,13,141.79
2025,Sameer Rizvi,121,79,11,7,153.16
2025,Sandeep Sharma,6,5,0,0,120.0
2025,Sediqullah Atal,22,16,0,2,137.5
2025,Shahbaz Ahmed,9,8,1,0,112.5
2025,Shashank Singh,350,228,23,18,153.51
2025,Shubman Gill,650,414,62,24,157.0
2025,Simarjeet Singh,3,7,0,0,42.86
2025,Suryansh Shedge,7,11,0,0,63.64
2025,T Stubbs,300,199,25,11,150.75
2025,TA Boult,2,3,0,0,66.67
2025,TH David,187,99,16,14,188.89
2025,TM Head,374,226,50,15,165.49
2025,TU Deshpande,7,8,0,0,87.5
2025,Tilak Varma,343,245,23,16,140.0
2025,Urvil Patel,68,32,5,6,212.5
2025,V Kohli,657,454,66,19,144.71
2025,V Nigam,142,78,15,8,182.05
2025,V Shankar,118,90,8,3,131.11
2025,V Suryavanshi,252,121,18,24,208.26
2025,VG Arora,0,8,0,0,0.0
2025,VR Iyer,142,102,15,4,139.22
2025,WG Jacks,233,172,22,11,135.47
2025,Washington Sundar,133,80,10,7,166.25
2025,XC Bartlett,11,15,1,0,73.33
2025,YBK Jaiswal,559,350,60,28,159.71
2025,Yash Dayal,4,8,0,0,50.0
2026,A Badoni,215,141,23,9,152.48
2026,A Kamboj,58,36,3,4,161.11
2026,A Mhatre,201,112,20,12,179.46
2026,A Nortje,0,1,0,0,0.0
2026,A Raghuvanshi,422,287,40,19,147.04
2026,AA Kulkarni,17,25,1,0,68.0
2026,AF Milne,2,2,0,0,100.0
2026,AJ Hosein,5,3,0,0,166.67
2026,AK Markram,231,165,20,11,140.0
2026,AM Ghazanfar,2,3,0,0,66.67
2026,AM Rahane,335,248,25,18,135.08
2026,AR Patel,173,131,16,6,132.06
2026,AS Roy,52,39,3,2,133.33
2026,Abdul Samad,116,88,10,5,131.82
2026,Abhishek Sharma,563,275,50,43,204.73
2026,Abishek Porel,108,88,15,1,122.73
2026,Akshat Raghuwanshi,29,25,1,1,116.0
2026,Aniket Verma,79,54,6,5,146.3
2026,Arjun Tendulkar,5,5,0,0,100.0
2026,Arshad Khan,23,11,1,2,209.09
2026,Arshdeep Singh,1,1,0,0,100.0
2026,Ashok Sharma,1,4,0,0,25.0
2026,Ashutosh Sharma,171,92,15,12,185.87
2026,Ashwani Kumar,1,6,0,0,16.67
2026,Auqib Nabi,14,3,2,1,466.67
2026,Avesh Khan,6,6,1,0,100.0
2026,Azmatullah Omarzai,52,27,3,5,192.59
2026,B Kumar,34,26,3,1,130.77
2026,B Sai Sudharsan,722,454,75,30,159.03
2026,Brijesh Sharma,2,4,0,0,50.0
2026,C Bosch,50,31,5,2,161.29
2026,C Connolly,491,299,43,32,164.21
2026,C Green,322,220,22,17,146.36
2026,CV Varun,5,6,1,0,83.33
2026,D Brevis,151,118,8,10,127.97
2026,D Ferreira,317,177,25,23,179.1
2026,D Padikkal,464,275,49,24,168.73
2026,DA Miller,211,137,15,14,154.01
2026,DA Payne,6,5,0,0,120.0
2026,DL Chahar,25,19,3,1,131.58
2026,DS Rathi,2,5,0,0,40.0
2026,DV Malewar,2,5,0,0,40.0
2026,Dhruv Jurel,515,333,47,24,154.65
2026,E Malinga,7,17,0,0,41.18
2026,FH Allen,349,163,33,28,214.11
2026,GD Phillips,67,54,4,2,124.07
2026,GF Linde,31,21,6,0,147.62
2026,H Klaasen,624,390,48,31,160.0
2026,HH Pandya,206,149,21,7,138.26
2026,HV Patel,10,9,2,0,111.11
2026,Harpreet Brar,5,3,1,0,166.67
2026,Harsh Dubey,13,9,2,0,144.44
2026,Himmat Singh,92,65,5,5,141.54
2026,Ishan Kishan,602,330,60,32,182.42
2026,J Overton,136,85,13,6,160.0
2026,JC Archer,64,46,4,4,139.13
2026,JC Buttler,526,345,51,26,152.46
2026,JD Unadkat,4,3,0,0,133.33
2026,JG Bethell,96,77,12,3,124.68
2026,JJ Bumrah,7,7,1,0,100.0
2026,JM Sharma,116,95,9,6,122.11
2026,JO Holder,65,52,3,3,125.0
2026,JP Inglis,266,142,32,12,187.32
2026,JR Hazlewood,0,1,0,0,0.0
2026,K Rabada,47,38,5,2,123.68
2026,KA Jamieson,12,13,1,1,92.31
2026,KH Pandya,226,153,20,11,147.71
2026,KK Nair,18,18,3,0,100.0
2026,KL Rahul,593,339,56,31,174.93
2026,Kartik Sharma,295,216,24,16,136.57
2026,Kartik Tyagi,11,10,1,1,110.0
2026,Krish Bhagat,10,21,0,0,47.62
2026,Kuldeep Yadav,9,21,0,0,42.86
2026,Kumar Kushagra,18,14,3,0,128.57
2026,L Ngidi,4,6,0,0,66.67
2026,LG Pretorius,7,8,0,0,87.5
2026,LS Livingstone,15,25,0,1,60.0
2026,M Jansen,51,45,1,3,113.33
2026,M Prasidh Krishna,6,7,1,0,85.71
2026,M Shahrukh Khan,43,33,3,2,130.3
2026,M Tiwari,18,8,2,1,225.0
2026,MA Starc,0,2,0,0,0.0
2026,MD Choudhary,170,120,11,12,141.67
2026,MD Shanaka,63,46,3,4,136.96
2026,MJ Henry,7,10,1,0,70.0
2026,MJ Santner,26,19,3,0,136.84
2026,MK Pandey,70,49,8,2,142.86
2026,MP Stoinis,216,119,23,11,181.51
2026,MP Yadav,5,5,1,0,100.0
2026,MR Marsh,563,343,51,36,164.14
2026,MW Short,60,50,6,1,120.0
2026,Mohammed Shami,31,22,2,3,140.91
2026,Mohammed Siraj,5,16,1,0,31.25
2026,Mohsin Khan,0,4,0,0,0.0
2026,Mukesh Choudhary,2,2,0,0,100.0
2026,N Burger,14,9,0,1,155.56
2026,N Pooran,234,182,11,19,128.57
2026,N Rana,225,149,27,10,151.01
2026,N Sindhu,63,50,7,2,126.0
2026,N Wadhera,65,57,4,4,114.04
2026,Naman Dhir,318,216,31,13,147.22
2026,Nithish Kumar Reddy,302,176,19,21,171.59
2026,Noor Ahmad,11,23,0,1,47.83
2026,P Nissanka,278,173,33,12,160.69
2026,P Simran Singh,510,300,55,23,170.0
2026,PD Salt,202,120,16,11,168.33
2026,PJ Cummins,30,19,1,3,157.89
2026,PP Hinge,3,9,0,0,33.33
2026,PR Veer,90,67,10,3,134.33
2026,PVD Chameera,0,3,0,0,0.0
2026,Prince Yadav,0,1,0,0,0.0
2026,Priyansh Arya,364,171,27,32,212.87
2026,Q de Kock,132,81,9,9,162.96
2026,R Minz,6,4,1,0,150.0
2026,R Parag,309,195,24,21,158.46
2026,R Powell,190,140,16,10,135.71
2026,R Shepherd,83,65,6,5,127.69
2026,R Smaran,19,25,3,0,76.0
2026,R Tewatia,190,131,20,8,145.04
2026,RA Bawa,16,14,1,0,114.29
2026,RA Jadeja,266,196,24,5,135.71
2026,RD Gaikwad,337,272,29,12,123.9
2026,RD Rickelton,448,240,31,38,186.67
2026,RG Sharma,283,179,21,21,158.1
2026,RK Singh,295,197,27,11,149.75
2026,RM Patidar,501,259,30,42,193.44
2026,RR Pant,312,226,30,11,138.05
2026,Ramandeep Singh,82,68,8,2,120.59
2026,Rashid Khan,50,41,4,2,121.95
2026,Rasikh Salam,3,2,0,0,150.0
2026,Ravi Bishnoi,0,3,0,0,0.0
2026,Ravi Singh,4,2,1,0,200.0
2026,S Arora,121,77,9,9,157.14
2026,S Dube,270,170,24,15,158.82
2026,SA Yadav,270,183,28,10,147.54
2026,SB Dubey,81,58,8,3,139.66
2026,SE Rutherford,123,74,5,12,166.22
2026,SH Johnson,0,1,0,0,0.0
2026,SN Khan,161,94,23,6,171.28
2026,SN Thakur,24,30,2,0,80.0
2026,SO Hetmyer,78,69,5,3,113.04
2026,SP Narine,40,32,2,4,125.0
2026,SR Dubey,4,2,1,0,200.0
2026,SS Iyer,498,293,39,30,169.97
2026,SS Mishra,1,3,0,0,33.33
2026,SU Parakh,46,33,5,2,139.39
2026,SV Samson,477,285,53,24,167.37
2026,Sakib Hussain,5,7,1,0,71.43
2026,Salil Arora,35,21,2,2,166.67
2026,Sameer Rizvi,252,171,15,17,147.37
2026,Shahbaz Ahmed,58,41,4,3,141.46
2026,Shashank Singh,132,70,11,8,188.57
2026,Shivang Kumar,53,45,6,1,117.78
2026,Shubman Gill,732,449,74,33,163.03
2026,Suryansh Shedge,158,90,9,12,175.56
2026,T Dahiya,12,15,2,0,80.0
2026,T Natarajan,1,2,0,0,50.0
2026,T Stubbs,275,216,18,9,127.31
2026,TA Boult,8,4,0,1,200.0
2026,TH David,305,159,22,23,191.82
2026,TL Seifert,19,18,2,1,105.56
2026,TM Head,410,240,46,23,170.83
2026,TU Deshpande,26,14,0,3,185.71
2026,Tilak Varma,359,246,30,17,145.93
2026,Urvil Patel,129,64,6,14,201.56
2026,V Kohli,675,406,73,25,166.26
2026,V Nigam,15,10,2,0,150.0
2026,V Suryavanshi,776,326,63,72,238.04
2026,VG Arora,1,3,0,0,33.33
2026,VR Iyer,209,112,21,13,186.61
2026,Vijaykumar Vyshak,2,4,0,0,50.0
2026,Vishnu Vinod,15,8,1,1,187.5
2026,WG Jacks,139,75,12,9,185.33
2026,Washington Sundar,377,249,40,12,151.41
2026,XC Bartlett,29,13,2,2,223.08
2026,YBK Jaiswal,427,280,52,18,152.5
