season_year,bowler,wickets,balls_bowled,runs_conceded,economy
2008,A Kumble,8,230,304,7.93
2008,A Mishra,11,119,138,6.96
2008,A Nehra,14,269,348,7.76
2008,A Nel,1,18,31,10.33
2008,A Symonds,0,41,101,14.78
2008,AA Noffke,1,24,40,10.0
2008,AB Agarkar,8,156,207,7.96
2008,AB Dinda,11,234,260,6.67
2008,AD Mascarenhas,2,24,29,7.25
2008,AM Nayar,1,42,68,9.71
2008,Abdur Razzak,0,12,29,14.5
2008,B Akhil,3,104,134,7.73
2008,B Geeves,2,48,91,11.38
2008,B Lee,5,96,112,7.0
2008,BAW Mendis,1,24,24,6.0
2008,CK Kapugedera,0,17,49,17.29
2008,CL White,0,6,24,24.0
2008,CRD Fernando,12,120,160,8.0
2008,D Kalyankrishna,2,48,87,10.88
2008,D Salunkhe,1,47,78,9.96
2008,DB Ravi Teja,1,12,19,9.5
2008,DJ Bravo,11,171,232,8.14
2008,DJ Hussey,3,78,130,10.0
2008,DJ Thornely,3,42,40,5.71
2008,DL Vettori,2,48,54,6.75
2008,DNT Zoysa,2,66,99,9.0
2008,DP Vijaykumar,4,152,199,7.86
2008,DR Smith,5,66,83,7.55
2008,DS Kulkarni,13,177,236,8.0
2008,DW Steyn,13,228,252,6.63
2008,GD McGrath,14,324,357,6.61
2008,Gagandeep Singh,3,84,141,10.07
2008,Harbhajan Singh,6,60,82,8.2
2008,I Sharma,7,253,329,7.8
2008,IK Pathan,20,318,350,6.6
2008,Iqbal Abdulla,1,18,22,7.33
2008,JA Morkel,20,288,399,8.31
2008,JDP Oram,6,96,149,9.31
2008,JH Kallis,4,206,311,9.06
2008,JR Hopes,7,168,276,9.86
2008,Joginder Sharma,9,148,239,9.69
2008,K Goel,0,12,25,12.5
2008,L Balaji,11,198,286,8.67
2008,LPC Silva,0,6,21,21.0
2008,LR Shukla,6,72,124,10.33
2008,M Kartik,5,88,127,8.66
2008,M Muralitharan,11,348,404,6.97
2008,M Ntini,8,210,242,6.91
2008,MA Khote,2,30,51,10.2
2008,MF Maharoof,19,216,249,6.92
2008,MM Patel,16,330,420,7.64
2008,MS Gony,18,360,443,7.38
2008,Mohammad Asif,9,192,296,9.25
2008,Mohammad Hafeez,2,60,68,6.8
2008,P Amarnath,7,132,236,10.73
2008,P Kumar,12,268,366,8.19
2008,PJ Sangwan,7,144,215,8.96
2008,PM Sarvesh Kumar,1,30,42,8.4
2008,PP Chawla,19,281,389,8.31
2008,PP Ojha,11,222,284,7.68
2008,Pankaj Singh,0,72,129,10.75
2008,R Bhatia,9,132,183,8.32
2008,R Vinay Kumar,7,138,182,7.91
2008,RA Jadeja,1,13,21,9.69
2008,RG Sharma,1,24,25,6.25
2008,RP Singh,17,308,442,8.61
2008,RR Powar,3,72,91,7.58
2008,RR Raje,6,98,137,8.39
2008,S Sreesanth,19,307,442,8.64
2008,S Vidyut,1,12,22,11.0
2008,SB Bangar,6,150,219,8.76
2008,SB Joshi,1,55,82,8.95
2008,SB Styris,4,162,199,7.37
2008,SC Ganguly,7,120,128,6.4
2008,SD Chitnis,2,36,60,10.0
2008,SK Raina,2,20,30,9.0
2008,SK Trivedi,15,288,399,8.31
2008,SK Warne,20,312,404,7.77
2008,SM Pollock,13,276,301,6.54
2008,SR Watson,20,325,383,7.07
2008,ST Jayasuriya,5,126,159,7.57
2008,Shahid Afridi,9,180,225,7.5
2008,Shoaib Akhtar,5,42,54,7.71
2008,Shoaib Malik,2,51,85,10.0
2008,Sohail Tanvir,24,247,266,6.46
2008,TM Dilshan,1,6,3,3.0
2008,Umar Gul,14,135,184,8.18
2008,V Kohli,2,46,61,7.96
2008,V Sehwag,3,66,133,12.09
2008,VRV Singh,15,288,420,8.75
2008,VS Yeligati,0,30,59,11.8
2008,VY Mahesh,17,253,370,8.77
2008,WA Mota,1,18,36,12.0
2008,WPUJC Vaas,6,102,145,8.53
2008,Y Venugopal Rao,3,84,137,9.79
2008,YK Pathan,10,169,230,8.17
2008,Yuvraj Singh,3,54,83,9.22
2008,Z Khan,15,252,357,8.5
2009,A Flintoff,2,66,105,9.55
2009,A Kumble,22,355,347,5.86
2009,A Mishra,14,253,294,6.97
2009,A Mithun,0,24,42,10.5
2009,A Nehra,22,306,346,6.78
2009,A Singh,9,105,95,5.43
2009,A Symonds,9,144,160,6.67
2009,AB Agarkar,8,186,284,9.16
2009,AB Dinda,6,144,193,8.04
2009,AB McDonald,0,18,22,7.33
2009,AD Mascarenhas,6,116,132,6.83
2009,AD Mathews,0,14,31,13.29
2009,AM Nayar,4,72,84,7.0
2009,AM Rahane,1,6,5,5.0
2009,AM Salvi,4,102,134,7.88
2009,AS Raut,0,24,36,9.0
2009,Anureet Singh,2,30,47,9.4
2009,B Akhil,4,66,80,7.27
2009,B Lee,6,120,111,5.55
2009,BAW Mendis,4,96,117,7.31
2009,BJ Hodge,7,120,161,8.05
2009,C Nanda,2,48,57,7.12
2009,CH Gayle,1,113,144,7.65
2009,CK Langeveldt,3,24,15,3.75
2009,D du Preez,4,42,56,8.0
2009,DJ Bravo,14,199,259,7.81
2009,DJ Hussey,1,24,34,8.5
2009,DL Vettori,10,139,181,7.81
2009,DP Nannes,20,297,372,7.52
2009,DR Smith,1,84,124,8.86
2009,DS Kulkarni,5,156,206,7.92
2009,DW Steyn,3,54,62,6.89
2009,FH Edwards,6,140,154,6.6
2009,GR Napier,1,24,27,6.75
2009,Harbhajan Singh,13,264,256,5.82
2009,Harmeet Singh,4,137,192,8.41
2009,I Sharma,11,258,297,6.91
2009,IK Pathan,20,302,390,7.75
2009,J Botha,5,72,74,6.17
2009,JA Morkel,15,240,328,8.2
2009,JD Ryder,5,102,115,6.76
2009,JDP Oram,6,93,133,8.58
2009,JH Kallis,7,276,353,7.67
2009,JP Duminy,4,105,93,5.31
2009,Jaskaran Singh,0,18,32,10.67
2009,Joginder Sharma,2,42,57,8.14
2009,K Goel,0,48,61,7.62
2009,KP Appanna,2,72,87,7.25
2009,KP Pietersen,5,78,85,6.54
2009,Kamran Khan,9,106,124,7.02
2009,L Balaji,14,224,316,8.46
2009,LA Carseldine,1,6,6,6.0
2009,LR Shukla,5,84,100,7.14
2009,LRPL Taylor,0,6,13,13.0
2009,M Kartik,5,204,201,5.91
2009,M Morkel,1,42,40,5.71
2009,M Muralitharan,16,300,261,5.22
2009,MC Henriques,2,73,107,8.79
2009,MF Maharoof,4,60,65,6.5
2009,MK Tiwary,0,6,11,11.0
2009,MM Patel,18,209,241,6.92
2009,MS Gony,5,102,172,10.12
2009,Mashrafe Mortaza,1,24,58,14.5
2009,P Kumar,16,298,394,7.93
2009,PJ Sangwan,18,280,360,7.71
2009,PP Chawla,12,269,308,6.87
2009,PP Ojha,21,321,348,6.5
2009,Pankaj Singh,2,42,65,9.29
2009,R Ashwin,2,24,13,3.25
2009,R Bhatia,11,130,146,6.74
2009,R Vinay Kumar,9,194,271,8.38
2009,RA Jadeja,6,140,151,6.47
2009,RA Shaikh,0,6,11,11.0
2009,RE van der Merwe,9,204,248,7.29
2009,RG Sharma,12,138,161,7.0
2009,RJ Harris,6,186,230,7.42
2009,RP Singh,26,358,417,6.99
2009,RR Bose,0,12,24,12.0
2009,RR Powar,6,126,132,6.29
2009,RR Raje,1,41,72,10.54
2009,RS Bopara,0,8,5,3.75
2009,S Sreesanth,6,138,192,8.35
2009,S Tyagi,5,114,136,7.16
2009,SB Jakati,13,174,217,7.48
2009,SB Styris,5,48,64,8.0
2009,SC Ganguly,2,72,97,8.08
2009,SK Raina,8,166,164,5.93
2009,SK Trivedi,6,120,152,7.6
2009,SK Warne,14,300,365,7.3
2009,SL Malinga,21,297,312,6.3
2009,SM Harwood,3,60,73,7.3
2009,SR Tendulkar,0,36,58,9.67
2009,SS Sarkar,1,25,34,8.16
2009,ST Jayasuriya,8,114,163,8.58
2009,Shoaib Ahmed,5,102,152,8.94
2009,T Henderson,1,36,40,6.67
2009,T Thushara,3,48,60,7.5
2009,TL Suman,6,90,108,7.2
2009,TM Dilshan,0,96,98,6.12
2009,V Kohli,0,36,46,7.67
2009,V Sehwag,0,6,25,25.0
2009,VRV Singh,1,54,82,9.11
2009,VS Malik,2,72,98,8.17
2009,VY Mahesh,1,12,25,12.5
2009,WA Mota,3,54,61,6.78
2009,WPUJC Vaas,5,48,71,8.88
2009,Y Nagar,2,12,20,10.0
2009,Y Venugopal Rao,4,90,122,8.13
2009,YA Abdulla,14,168,241,8.61
2009,YK Pathan,7,210,243,6.94
2009,Yuvraj Singh,6,120,142,7.1
2009,Z Khan,7,126,142,6.76
2010,A Kumble,19,380,407,6.43
2010,A Mishra,20,318,363,6.85
2010,A Mithun,1,18,39,13.0
2010,A Nehra,6,84,96,6.86
2010,A Symonds,13,318,372,7.02
2010,A Uniyal,3,36,66,11.0
2010,AA Jhunjhunwala,0,37,69,11.19
2010,AB Agarkar,4,132,203,9.23
2010,AB Dinda,12,139,152,6.56
2010,AB McDonald,8,84,138,9.86
2010,AC Voges,1,54,76,8.44
2010,AD Mascarenhas,4,48,65,8.12
2010,AD Mathews,8,225,314,8.37
2010,AG Murtaza,4,72,91,7.58
2010,AJ Finch,0,7,5,4.29
2010,AN Ahmed,0,12,26,13.0
2010,AP Dole,5,66,112,10.18
2010,B Akhil,0,6,6,6.0
2010,B Lee,0,87,149,10.28
2010,BAW Mendis,2,48,66,8.25
2010,BJ Hodge,2,30,41,8.2
2010,Bipul Sharma,4,60,94,9.4
2010,C Ganapathy,0,6,13,13.0
2010,CH Gayle,4,96,152,9.5
2010,CK Langeveldt,5,66,88,8.0
2010,CL White,0,6,19,19.0
2010,CRD Fernando,7,114,138,7.26
2010,DE Bollinger,13,186,207,6.68
2010,DJ Bravo,5,157,228,8.71
2010,DJ Hussey,0,60,80,8.0
2010,DL Vettori,3,70,97,8.31
2010,DP Nannes,11,206,224,6.52
2010,DR Smith,1,23,36,9.39
2010,DS Kulkarni,1,24,40,10.0
2010,DW Steyn,17,354,406,6.88
2010,FY Fazal,1,12,20,10.0
2010,Harbhajan Singh,20,321,377,7.05
2010,Harmeet Singh,10,144,174,7.25
2010,I Sharma,7,150,236,9.44
2010,IK Pathan,17,278,426,9.19
2010,Iqbal Abdulla,2,51,61,7.18
2010,J Theron,7,144,187,7.79
2010,JA Morkel,14,286,405,8.5
2010,JD Unadkat,4,62,85,8.23
2010,JH Kallis,15,342,476,8.35
2010,JM Kemp,3,44,54,7.36
2010,JP Duminy,1,33,37,6.73
2010,Jaskaran Singh,6,84,139,9.93
2010,Joginder Sharma,2,48,89,11.12
2010,K Goel,0,6,7,7.0
2010,KA Pollard,17,222,274,7.41
2010,KAJ Roach,0,48,80,10.0
2010,KP Appanna,3,42,51,7.29
2010,KP Pietersen,3,60,77,7.7
2010,Kamran Khan,4,36,53,8.83
2010,L Ablish,5,24,36,9.0
2010,L Balaji,10,140,207,8.87
2010,LR Shukla,3,72,106,8.83
2010,M Kartik,10,234,253,6.49
2010,M Morkel,0,42,66,9.43
2010,M Muralitharan,15,288,329,6.85
2010,MB Parmar,0,18,33,11.0
2010,MC Henriques,1,24,35,8.75
2010,MF Maharoof,10,144,206,8.58
2010,MK Tiwary,1,6,11,11.0
2010,MM Patel,5,78,118,9.08
2010,MR Marsh,2,60,88,8.8
2010,MS Gony,1,48,92,11.5
2010,ND Doshi,1,24,17,4.25
2010,NLTC Perera,0,6,19,19.0
2010,P Kumar,12,270,380,8.44
2010,PD Collingwood,5,89,101,6.81
2010,PJ Sangwan,9,186,258,8.32
2010,PP Chawla,13,294,367,7.49
2010,PP Ojha,22,353,429,7.29
2010,Pankaj Singh,2,48,81,10.12
2010,R Ashwin,14,288,293,6.1
2010,R Bhatia,3,96,132,8.25
2010,R McLaren,5,204,270,7.94
2010,R Sathish,3,48,81,10.12
2010,R Sharma,6,124,167,8.08
2010,R Vinay Kumar,19,277,396,8.58
2010,RE van der Merwe,2,24,27,6.75
2010,RG Sharma,2,114,153,8.05
2010,RJ Harris,15,184,233,7.6
2010,RP Singh,14,252,370,8.81
2010,RR Powar,4,138,160,6.96
2010,RS Bopara,5,78,127,9.77
2010,RS Gavaskar,0,6,8,8.0
2010,S Ladda,4,90,143,9.53
2010,S Narwal,6,94,185,11.81
2010,S Sreesanth,5,114,191,10.05
2010,S Sriram,0,12,24,12.0
2010,S Tyagi,1,95,159,10.04
2010,SB Jakati,15,228,291,7.66
2010,SB Wagh,1,6,16,16.0
2010,SC Ganguly,0,24,43,10.75
2010,SE Bond,9,186,224,7.23
2010,SJ Srivastava,6,162,255,9.44
2010,SK Raina,7,143,178,7.47
2010,SK Trivedi,13,213,260,7.32
2010,SK Warne,12,300,381,7.62
2010,SL Malinga,17,294,344,7.02
2010,SR Watson,7,132,184,8.36
2010,ST Jayasuriya,3,54,68,7.56
2010,STR Binny,0,6,9,9.0
2010,SW Tait,12,187,264,8.47
2010,T Thushara,7,87,101,6.97
2010,TL Suman,0,12,24,12.0
2010,TM Dilshan,3,49,70,8.57
2010,UT Yadav,8,144,184,7.67
2010,V Kohli,0,32,50,9.38
2010,V Sehwag,3,34,23,4.06
2010,VRV Singh,0,18,40,13.33
2010,VS Malik,1,43,62,8.65
2010,VY Mahesh,1,18,23,7.67
2010,WPUJC Vaas,11,132,139,6.32
2010,Y Nagar,1,18,28,9.33
2010,Y Venugopal Rao,0,6,10,10.0
2010,YA Abdulla,1,41,66,9.66
2010,YK Pathan,6,204,246,7.24
2010,Yuvraj Singh,6,138,152,6.61
2010,Z Khan,18,290,376,7.78
2011,A Mishra,19,320,358,6.71
2011,A Mithun,6,204,321,9.44
2011,A Singh,10,171,215,7.54
2011,A Symonds,1,24,41,10.25
2011,AA Chavan,0,30,27,5.4
2011,AA Jhunjhunwala,0,12,22,11.0
2011,AA Kazi,1,12,21,10.5
2011,AB Agarkar,9,162,231,8.56
2011,AB Dinda,5,102,152,8.94
2011,AB McDonald,0,12,23,11.5
2011,AC Thomas,11,231,297,7.71
2011,AG Murtaza,5,120,117,5.85
2011,AJ Finch,0,12,13,6.5
2011,AL Menaria,2,90,121,8.07
2011,AM Nayar,2,61,95,9.34
2011,AM Salvi,3,48,66,8.25
2011,AN Ahmed,7,120,169,8.45
2011,AS Raut,0,6,8,8.0
2011,AUK Pathan,0,33,49,8.91
2011,Anand Rajan,5,30,50,10.0
2011,B Akhil,0,12,22,11.0
2011,B Chipli,0,6,20,20.0
2011,B Kumar,3,66,67,6.09
2011,B Lee,8,272,338,7.46
2011,BA Bhatt,9,167,229,8.23
2011,BJ Hodge,8,66,77,7.0
2011,Bipul Sharma,5,72,78,6.5
2011,CH Gayle,9,216,244,6.78
2011,CK Langeveldt,5,66,84,7.64
2011,DB Ravi Teja,0,6,9,9.0
2011,DE Bollinger,20,282,329,7.0
2011,DJ Bravo,6,120,157,7.85
2011,DJ Hussey,1,18,38,12.67
2011,DL Vettori,13,310,311,6.02
2011,DP Nannes,2,24,31,7.75
2011,DS Kulkarni,6,120,149,7.45
2011,DT Christian,11,274,350,7.66
2011,DW Steyn,14,273,299,6.57
2011,Harbhajan Singh,16,318,370,6.98
2011,Harmeet Singh,3,42,53,7.57
2011,I Malhotra,0,6,23,23.0
2011,I Sharma,11,264,314,7.14
2011,IK Pathan,13,275,344,7.51
2011,Iqbal Abdulla,18,300,305,6.1
2011,J Botha,7,216,239,6.64
2011,J Syed Mohammad,5,90,127,8.47
2011,JA Morkel,16,270,382,8.49
2011,JD Ryder,5,92,118,7.7
2011,JD Unadkat,6,108,150,8.33
2011,JDP Oram,1,24,45,11.25
2011,JE Taylor,6,117,157,8.05
2011,JEC Franklin,3,61,99,9.74
2011,JH Kallis,9,144,170,7.08
2011,JJ van der Wath,3,72,129,10.75
2011,JP Duminy,4,108,143,7.94
2011,JP Faulkner,1,12,9,4.5
2011,JR Hopes,7,192,272,8.5
2011,Joginder Sharma,0,18,34,11.33
2011,KA Pollard,13,255,361,8.49
2011,KMDN Kulasekara,1,18,26,8.67
2011,Kamran Khan,0,18,47,15.67
2011,L Ablish,0,18,39,13.0
2011,L Balaji,13,266,371,8.37
2011,LRPL Taylor,0,6,11,11.0
2011,M Kartik,2,125,166,7.97
2011,M Manhas,0,42,42,6.0
2011,M Morkel,14,258,325,7.56
2011,M Muralitharan,2,114,141,7.42
2011,MK Tiwary,0,12,23,11.5
2011,MM Patel,22,326,358,6.59
2011,MR Marsh,7,85,99,6.99
2011,MS Gony,4,54,85,9.44
2011,ND Doshi,1,32,62,11.62
2011,NJ Rimmington,0,18,19,6.33
2011,NL McCullum,0,30,34,6.8
2011,NLTC Perera,5,84,111,7.93
2011,P Kumar,10,276,345,7.5
2011,P Parameswaran,4,94,137,8.74
2011,P Prasanth,0,6,18,18.0
2011,PC Valthaty,7,145,189,7.82
2011,PP Chawla,16,248,336,8.13
2011,PP Ojha,12,221,267,7.25
2011,Pankaj Singh,0,12,23,11.5
2011,R Ashwin,21,378,388,6.16
2011,R Bhatia,10,192,210,6.56
2011,R McLaren,5,108,178,9.89
2011,R Ninan,3,36,65,10.83
2011,R Sathish,0,31,41,7.94
2011,R Sharma,17,300,273,5.46
2011,R Vinay Kumar,17,268,335,7.5
2011,RA Jadeja,9,252,305,7.26
2011,RE van der Merwe,6,89,92,6.2
2011,RG Sharma,0,24,53,13.25
2011,RJ Harris,17,282,382,8.13
2011,RN ten Doeschate,0,6,7,7.0
2011,RP Singh,15,300,345,6.9
2011,RR Powar,2,72,112,9.33
2011,RV Gomez,5,90,124,8.27
2011,RW Price,0,18,33,11.0
2011,S Aravind,22,276,368,8.0
2011,S Dhawan,1,12,11,5.5
2011,S Ladda,0,24,42,10.5
2011,S Nadeem,4,114,142,7.47
2011,S Rana,0,4,2,3.0
2011,S Randiv,8,174,223,7.69
2011,S Sreesanth,7,191,206,6.47
2011,S Sriram,0,6,25,25.0
2011,SB Jakati,10,265,336,7.61
2011,SB Styris,0,6,13,13.0
2011,SB Wagh,4,96,121,7.56
2011,SJ Srivastava,9,120,186,9.3
2011,SK Raina,5,165,201,7.31
2011,SK Trivedi,13,214,303,8.5
2011,SK Warne,14,282,297,6.32
2011,SL Malinga,30,378,375,5.95
2011,SR Watson,8,216,241,6.69
2011,SS Mundhe,1,6,6,6.0
2011,STR Binny,0,24,44,11.0
2011,SW Tait,6,89,127,8.56
2011,Shakib Al Hasan,11,153,175,6.86
2011,TG Southee,4,114,166,8.74
2011,TL Suman,0,36,50,8.33
2011,TM Dilshan,1,72,108,9.0
2011,UT Yadav,3,108,169,9.39
2011,V Kohli,2,102,139,8.18
2011,VR Aaron,2,72,82,6.83
2011,VS Malik,0,12,13,6.5
2011,WD Parnell,10,176,213,7.26
2011,Y Gnaneswara Rao,0,6,7,7.0
2011,Y Nagar,1,30,67,13.4
2011,Y Venugopal Rao,0,12,26,13.0
2011,YK Pathan,13,234,238,6.1
2011,Yuvraj Singh,9,174,192,6.62
2011,Z Khan,15,354,455,7.71
2012,A Ashish Reddy,11,163,237,8.72
2012,A Chandila,5,84,86,6.14
2012,A Mishra,13,282,377,8.02
2012,A Mithun,0,18,33,11.0
2012,A Nehra,12,288,402,8.38
2012,A Singh,12,197,310,9.44
2012,AA Chavan,7,164,236,8.63
2012,AA Jhunjhunwala,1,36,38,6.33
2012,AB Agarkar,4,86,134,9.35
2012,AB Dinda,10,144,169,7.04
2012,AB McDonald,5,60,61,6.1
2012,AC Thomas,5,84,109,7.79
2012,AD Mascarenhas,7,96,105,6.56
2012,AD Mathews,7,156,192,7.38
2012,AD Russell,1,96,161,10.06
2012,AG Murtaza,0,12,11,5.5
2012,AL Menaria,1,20,23,6.9
2012,AM Nayar,0,6,16,16.0
2012,AN Ahmed,0,12,17,8.5
2012,AUK Pathan,0,6,14,14.0
2012,Anand Rajan,3,71,109,9.21
2012,Ankit Sharma,4,145,165,6.83
2012,Azhar Mahmood,14,256,329,7.71
2012,B Kumar,9,234,281,7.21
2012,B Lee,7,228,299,7.87
2012,BA Bhatt,3,99,136,8.24
2012,BJ Hodge,1,12,21,10.5
2012,BW Hilfenhaus,14,204,233,6.85
2012,Bipul Sharma,0,46,79,10.3
2012,CH Gayle,0,28,66,14.14
2012,CJ McKay,1,42,60,8.57
2012,CL White,0,18,27,9.0
2012,DAJ Bracewell,3,24,32,8.0
2012,DE Bollinger,10,108,157,8.72
2012,DJ Bravo,20,346,462,8.01
2012,DJ Harris,0,18,26,8.67
2012,DJ Hussey,3,54,63,7.0
2012,DL Vettori,6,210,236,6.74
2012,DR Smith,3,78,95,7.31
2012,DS Kulkarni,6,48,64,8.0
2012,DT Christian,9,162,233,8.63
2012,DW Steyn,18,280,285,6.11
2012,F du Plessis,0,6,16,16.0
2012,GB Hogg,10,216,253,7.03
2012,GJ Maxwell,2,18,22,7.33
2012,HV Patel,9,246,340,8.29
2012,Harbhajan Singh,6,324,384,7.11
2012,Harmeet Singh,7,134,191,8.55
2012,IK Pathan,10,360,465,7.75
2012,Iqbal Abdulla,4,132,144,6.55
2012,J Botha,9,246,297,7.24
2012,J Syed Mohammad,1,42,65,9.29
2012,J Theron,3,48,66,8.25
2012,JA Morkel,13,297,385,7.78
2012,JD Ryder,1,42,70,10.0
2012,JD Unadkat,0,18,32,10.67
2012,JEC Franklin,6,90,121,8.07
2012,JH Kallis,16,324,403,7.46
2012,JP Duminy,1,72,104,8.67
2012,JP Faulkner,3,48,72,9.0
2012,K Upadhyay,0,24,33,8.25
2012,KA Pollard,18,263,350,7.98
2012,KK Cooper,10,144,174,7.25
2012,KMDN Kulasekara,5,84,94,6.71
2012,KP Appanna,6,102,148,8.71
2012,KP Pietersen,1,36,53,8.83
2012,L Balaji,12,180,162,5.4
2012,LJ Wright,0,12,24,12.0
2012,LR Shukla,1,12,12,6.0
2012,M Kartik,4,216,266,7.39
2012,M Morkel,30,378,453,7.19
2012,M Muralitharan,15,240,260,6.5
2012,M de Lange,3,60,107,10.7
2012,MJ Clarke,3,66,67,6.09
2012,MM Patel,17,280,367,7.86
2012,MN Samuels,9,172,216,7.53
2012,MS Gony,4,144,207,8.62
2012,NLTC Perera,0,15,27,10.8
2012,P Awana,18,282,372,7.91
2012,P Kumar,12,378,434,6.89
2012,P Negi,7,132,152,6.91
2012,P Parameswaran,5,60,87,8.7
2012,PC Valthaty,0,6,16,16.0
2012,PJ Sangwan,1,24,42,10.5
2012,PP Chawla,18,342,419,7.35
2012,PP Ojha,10,180,220,7.33
2012,Pankaj Singh,7,126,170,8.1
2012,R Ashwin,19,395,431,6.55
2012,R Bhatia,17,319,389,7.32
2012,R Sharma,9,222,300,8.11
2012,R Shukla,0,18,31,10.33
2012,R Vinay Kumar,21,335,480,8.6
2012,RA Jadeja,12,210,273,7.8
2012,RE van der Merwe,4,60,60,6.0
2012,RG Sharma,0,6,16,16.0
2012,RJ Harris,8,108,130,7.22
2012,RJ Peterson,3,48,70,8.75
2012,RN ten Doeschate,1,18,24,8.0
2012,RP Singh,11,246,318,7.76
2012,RR Bhatkal,0,12,35,17.5
2012,RR Powar,0,18,32,10.67
2012,S Aravind,0,18,48,16.0
2012,S Dhawan,3,36,55,9.17
2012,S Nadeem,8,270,318,7.07
2012,SB Jakati,10,246,336,8.2
2012,SC Ganguly,3,60,95,9.5
2012,SK Raina,2,84,105,7.5
2012,SK Trivedi,14,312,380,7.31
2012,SL Malinga,25,333,350,6.31
2012,SP Narine,29,355,324,5.48
2012,SPD Smith,0,2,5,15.0
2012,SR Watson,6,138,161,7.0
2012,STR Binny,3,60,78,7.8
2012,SW Tait,7,137,151,6.61
2012,Shakib Al Hasan,12,180,195,6.5
2012,Sunny Gupta,0,18,47,15.67
2012,TM Dilshan,0,42,77,11.0
2012,TP Sudhindra,1,70,136,11.66
2012,UT Yadav,22,366,453,7.43
2012,V Kohli,0,18,49,16.33
2012,V Pratap Singh,12,204,296,8.71
2012,V Sehwag,0,24,45,11.25
2012,VR Aaron,9,186,271,8.74
2012,VY Mahesh,3,56,81,8.68
2012,WD Parnell,7,126,128,6.1
2012,Y Nagar,0,6,10,10.0
2012,Y Venugopal Rao,0,12,26,13.0
2012,YK Pathan,4,132,182,8.27
2012,Z Khan,21,360,453,7.55
2013,A Ashish Reddy,3,40,70,10.5
2013,A Chandila,6,150,156,6.24
2013,A Mishra,24,372,394,6.35
2013,A Mithun,1,24,37,9.25
2013,A Nehra,13,216,316,8.78
2013,AA Chavan,1,54,63,7.0
2013,AB Agarkar,0,60,92,9.2
2013,AB Dinda,18,294,465,9.49
2013,AB McDonald,1,12,17,8.5
2013,AC Gilchrist,1,1,0,0.0
2013,AD Mascarenhas,0,24,25,6.25
2013,AD Mathews,6,186,240,7.74
2013,AD Russell,0,42,68,9.71
2013,AG Murtaza,3,60,94,9.4
2013,AJ Finch,1,24,49,12.25
2013,AM Nayar,2,48,59,7.38
2013,AN Ahmed,3,42,45,6.43
2013,AS Rajpoot,1,24,35,8.75
2013,Anand Rajan,2,48,42,5.25
2013,Ankit Sharma,0,12,17,8.5
2013,Azhar Mahmood,16,263,330,7.53
2013,B Kumar,13,342,371,6.51
2013,B Laughlin,1,42,71,10.14
2013,B Lee,4,72,86,7.17
2013,BA Bhatt,1,30,32,6.4
2013,BAW Mendis,2,72,78,6.5
2013,BJ Hodge,0,6,3,3.0
2013,BJ Rohrer,0,6,12,12.0
2013,BMAJ Mendis,1,30,36,7.2
2013,Bipul Sharma,1,24,21,5.25
2013,CH Gayle,3,24,40,10.0
2013,CH Morris,17,300,401,8.02
2013,CL White,1,12,16,8.0
2013,DJ Bravo,34,375,497,7.95
2013,DJ Hussey,0,66,91,8.27
2013,DJG Sammy,11,134,168,7.52
2013,DP Nannes,5,119,158,7.97
2013,DR Smith,2,30,59,11.8
2013,DS Kulkarni,8,112,151,8.09
2013,DT Christian,0,36,55,9.17
2013,DW Steyn,20,407,384,5.66
2013,GB Hogg,0,20,31,9.3
2013,GH Vihari,1,36,38,6.33
2013,GJ Maxwell,0,12,23,11.5
2013,Harbhajan Singh,25,420,456,6.51
2013,Harmeet Singh,7,92,121,7.89
2013,I Sharma,16,358,466,7.81
2013,IC Pandey,1,24,50,12.5
2013,IK Pathan,11,308,382,7.44
2013,Iqbal Abdulla,7,113,142,7.54
2013,J Botha,5,100,109,6.54
2013,J Syed Mohammad,4,60,91,9.1
2013,JA Morkel,8,144,159,6.62
2013,JD Unadkat,13,294,370,7.55
2013,JDP Oram,0,24,22,5.5
2013,JH Kallis,19,318,394,7.43
2013,JJ Bumrah,3,42,70,10.0
2013,JO Holder,4,120,168,8.4
2013,JP Faulkner,33,379,427,6.76
2013,K Upadhyay,0,30,48,9.6
2013,KA Pollard,10,186,292,9.42
2013,KK Cooper,22,324,449,8.31
2013,KV Sharma,12,209,230,6.6
2013,KW Richardson,2,71,101,8.54
2013,L Balaji,13,300,387,7.74
2013,LJ Wright,2,59,100,10.17
2013,LR Shukla,1,18,22,7.33
2013,M Kartik,11,234,284,7.28
2013,M Morkel,8,240,335,8.38
2013,M Muralitharan,3,138,177,7.7
2013,MC Henriques,8,127,185,8.74
2013,MG Johnson,24,384,459,7.17
2013,MG Neser,0,24,62,15.5
2013,MM Patel,3,90,137,9.13
2013,MM Sharma,21,304,326,6.43
2013,MN Samuels,1,24,34,8.5
2013,MR Marsh,7,116,182,9.41
2013,MS Gony,7,168,256,9.14
2013,Mohammed Shami,1,54,78,8.67
2013,NLTC Perera,21,358,478,8.01
2013,NM Coulter-Nile,1,24,29,7.25
2013,P Awana,16,324,412,7.63
2013,P Kumar,13,338,373,6.62
2013,P Negi,0,24,28,7.0
2013,P Suyal,1,18,21,7.0
2013,PJ Sangwan,0,24,51,12.75
2013,PP Chawla,11,350,418,7.17
2013,PP Ojha,18,314,381,7.28
2013,PV Tambe,1,66,88,8.0
2013,Parvez Rasool,1,30,28,5.6
2013,R Ashwin,16,348,390,6.72
2013,R Bhatia,11,263,332,7.57
2013,R Dhawan,2,90,109,7.27
2013,R McLaren,4,42,94,13.43
2013,R Rampaul,13,226,261,6.93
2013,R Sathish,1,24,51,12.75
2013,R Sharma,9,246,281,6.85
2013,R Shukla,4,48,79,9.88
2013,R Vinay Kumar,27,361,493,8.19
2013,RA Jadeja,15,259,323,7.48
2013,RE van der Merwe,4,66,71,6.45
2013,RG Sharma,0,8,6,4.5
2013,RJ Harris,1,72,72,6.0
2013,RN ten Doeschate,0,18,24,8.0
2013,RP Singh,14,239,335,8.41
2013,RV Gomez,1,6,5,5.0
2013,S Badree,0,24,34,8.5
2013,S Kaul,5,131,170,7.79
2013,S Ladda,1,12,18,9.0
2013,S Nadeem,9,264,259,5.89
2013,S Narwal,0,12,17,8.5
2013,S Sreesanth,6,130,163,7.52
2013,SK Raina,1,12,23,11.5
2013,SK Trivedi,12,359,410,6.85
2013,SL Malinga,23,392,468,7.16
2013,SMSM Senanayake,9,192,209,6.53
2013,SP Narine,26,384,350,5.47
2013,SR Watson,16,250,298,7.15
2013,STR Binny,7,144,162,6.75
2013,SW Tait,1,60,98,9.8
2013,Sandeep Sharma,8,96,119,7.44
2013,TL Suman,1,12,15,7.5
2013,TM Dilshan,0,6,10,10.0
2013,UT Yadav,20,347,508,8.78
2013,V Sehwag,0,6,9,9.0
2013,VS Malik,2,60,59,5.9
2013,WD Parnell,7,89,137,9.24
2013,YK Pathan,1,54,73,8.11
2013,YS Chahal,0,24,34,8.5
2013,Yuvraj Singh,6,132,152,6.91
2013,Z Khan,5,36,47,7.83
2014,A Mishra,8,225,340,9.07
2014,A Nehra,8,90,142,9.47
2014,AB Dinda,5,186,270,8.71
2014,AD Russell,2,30,52,10.4
2014,AN Ahmed,3,86,113,7.88
2014,AR Patel,19,396,405,6.14
2014,Ankit Sharma,4,48,43,5.38
2014,B Kumar,21,319,354,6.66
2014,BCJ Cutting,2,24,31,7.75
2014,BE Hendricks,4,72,126,10.5
2014,BW Hilfenhaus,9,168,246,8.79
2014,CJ Anderson,4,108,184,10.22
2014,DJ Hussey,2,17,38,13.41
2014,DJG Sammy,3,84,157,11.21
2014,DR Smith,4,60,95,9.5
2014,DS Kulkarni,6,162,221,8.19
2014,DW Steyn,12,336,431,7.7
2014,GJ Maxwell,1,66,132,12.0
2014,HV Patel,4,66,113,10.27
2014,Harbhajan Singh,14,330,356,6.47
2014,I Sharma,3,66,101,9.18
2014,IC Pandey,7,252,318,7.57
2014,IK Pathan,6,142,205,8.66
2014,Imran Tahir,11,125,171,8.21
2014,Iqbal Abdulla,0,12,17,8.5
2014,JA Morkel,4,96,126,7.88
2014,JD Unadkat,10,187,270,8.66
2014,JDS Neesham,1,54,91,10.11
2014,JH Kallis,4,132,186,8.45
2014,JJ Bumrah,6,238,301,7.59
2014,JO Holder,1,18,35,11.67
2014,JP Duminy,3,198,240,7.27
2014,JP Faulkner,15,258,419,9.74
2014,JW Hastings,1,18,29,9.67
2014,K Santokie,3,48,90,11.25
2014,KA Pollard,3,150,262,10.48
2014,KK Cooper,4,108,134,7.44
2014,KV Sharma,17,304,376,7.42
2014,KW Richardson,10,162,206,7.63
2014,Karanveer Singh,12,120,164,8.2
2014,L Balaji,12,204,299,8.79
2014,LMP Simmons,1,18,34,11.33
2014,LR Shukla,1,56,83,8.89
2014,M Kartik,2,48,91,11.38
2014,M Morkel,13,288,367,7.65
2014,M Muralitharan,4,96,124,7.75
2014,M Vijay,0,6,13,13.0
2014,M de Lange,2,24,32,8.0
2014,MA Starc,17,322,402,7.49
2014,MC Henriques,4,60,96,9.6
2014,MG Johnson,17,321,444,8.3
2014,MK Tiwary,0,12,28,14.0
2014,MM Sharma,26,323,452,8.4
2014,Mohammed Shami,10,264,369,8.39
2014,NM Coulter-Nile,2,24,27,6.75
2014,P Awana,9,141,245,10.43
2014,P Kumar,4,72,78,6.5
2014,P Negi,1,42,75,10.71
2014,P Suyal,1,18,35,11.67
2014,PJ Cummins,2,24,29,7.25
2014,PP Chawla,14,237,303,7.67
2014,PP Ojha,5,276,380,8.26
2014,PV Tambe,15,294,356,7.27
2014,Parvez Rasool,1,54,83,9.22
2014,R Ashwin,17,359,437,7.3
2014,R Bhatia,13,228,283,7.45
2014,R Dhawan,15,284,365,7.71
2014,R Rampaul,2,36,37,6.17
2014,R Sharma,1,36,65,10.83
2014,R Shukla,3,54,98,10.89
2014,R Tewatia,3,54,59,6.56
2014,R Vinay Kumar,10,192,281,8.78
2014,RA Jadeja,20,326,443,8.15
2014,RG Sharma,1,18,26,8.67
2014,RN ten Doeschate,1,30,35,7.0
2014,S Badree,2,84,97,6.93
2014,S Gopal,6,84,113,8.07
2014,S Kaul,2,78,126,9.69
2014,S Nadeem,9,228,311,8.18
2014,S Rana,0,12,16,8.0
2014,SA Yadav,0,6,8,8.0
2014,SB Jakati,0,22,41,11.18
2014,SK Raina,1,108,134,7.44
2014,SL Malinga,17,235,253,6.46
2014,SP Narine,22,384,407,6.36
2014,SR Watson,7,126,165,7.86
2014,STR Binny,4,54,64,7.11
2014,Sandeep Sharma,19,241,354,8.81
2014,Shakib Al Hasan,15,300,334,6.68
2014,Shivam Sharma,3,96,121,7.56
2014,TG Southee,0,60,76,7.6
2014,UT Yadav,12,270,367,8.16
2014,V Shankar,0,6,19,19.0
2014,VR Aaron,16,220,299,8.15
2014,VS Malik,1,18,29,9.67
2014,WD Parnell,7,181,223,7.39
2014,Y Venugopal Rao,0,12,16,8.0
2014,YK Pathan,0,6,10,10.0
2014,YS Chahal,12,330,386,7.02
2014,Yuvraj Singh,6,136,187,8.25
2014,Z Khan,6,134,146,6.54
2015,A Ashish Reddy,4,36,50,8.33
2015,A Mishra,9,241,310,7.72
2015,A Nehra,25,372,449,7.24
2015,AB Dinda,0,30,62,12.4
2015,AD Mathews,7,180,246,8.2
2015,AD Russell,14,244,324,7.97
2015,AN Ahmed,2,72,128,10.67
2015,AR Patel,14,280,392,8.4
2015,Ankit Sharma,3,84,114,8.14
2015,Anureet Singh,16,310,465,9.0
2015,Azhar Mahmood,1,18,41,13.67
2015,B Kumar,19,310,407,7.88
2015,BB Sran,0,18,35,11.67
2015,BE Hendricks,7,78,109,8.38
2015,Bipul Sharma,4,42,50,7.14
2015,CH Gayle,0,12,15,7.5
2015,CH Morris,13,252,311,7.4
2015,CJ Anderson,1,24,33,8.25
2015,D Wiese,17,254,353,8.34
2015,DJ Bravo,28,314,426,8.14
2015,DJ Hooda,1,91,129,8.51
2015,DJ Muthuswami,4,84,101,7.21
2015,DJG Sammy,0,18,25,8.33
2015,DR Smith,1,12,17,8.5
2015,DS Kulkarni,13,210,277,7.91
2015,DW Steyn,3,114,170,8.95
2015,GB Hogg,10,126,144,6.86
2015,GJ Maxwell,2,60,97,9.7
2015,GS Sandhu,1,48,82,10.25
2015,Gurkeerat Singh,3,54,66,7.33
2015,HH Pandya,1,102,176,10.35
2015,HV Patel,19,263,328,7.48
2015,Harbhajan Singh,19,342,446,7.82
2015,I Sharma,1,84,159,11.36
2015,IC Pandey,11,186,223,7.19
2015,Imran Tahir,15,213,314,8.85
2015,Iqbal Abdulla,4,114,150,7.89
2015,J Botha,1,60,81,8.1
2015,J Suchith,10,234,337,8.64
2015,J Theron,1,24,40,10.0
2015,J Yadav,2,42,29,4.14
2015,JA Morkel,3,72,109,9.08
2015,JD Unadkat,0,18,30,10.0
2015,JJ Bumrah,3,90,184,12.27
2015,JP Duminy,8,102,126,7.41
2015,JP Faulkner,9,270,426,9.47
2015,KA Pollard,6,76,120,9.47
2015,KC Cariappa,1,12,28,14.0
2015,KV Sharma,11,239,332,8.33
2015,Karanveer Singh,2,84,157,11.21
2015,M Morkel,12,168,206,7.36
2015,M Vijay,0,24,28,7.0
2015,M de Lange,1,24,30,7.5
2015,MA Starc,22,258,291,6.77
2015,MC Henriques,11,150,158,6.32
2015,MG Johnson,9,215,336,9.38
2015,MJ McClenaghan,18,282,386,8.21
2015,MM Sharma,15,342,481,8.44
2015,NLTC Perera,1,36,55,9.17
2015,NM Coulter-Nile,16,255,321,7.55
2015,P Kumar,7,216,329,9.14
2015,P Negi,7,180,252,8.4
2015,P Suyal,0,60,95,9.5
2015,PJ Cummins,1,60,97,9.7
2015,PP Chawla,12,210,269,7.69
2015,PP Ojha,0,12,23,11.5
2015,PV Tambe,7,204,266,7.82
2015,Parvez Rasool,1,30,31,6.2
2015,R Ashwin,10,234,228,5.85
2015,R Bhatia,0,30,46,9.2
2015,R Dhawan,1,72,110,9.17
2015,R Tewatia,2,18,31,10.33
2015,R Vinay Kumar,9,261,368,8.46
2015,RA Jadeja,12,256,330,7.73
2015,RG More,1,35,59,10.11
2015,RN ten Doeschate,1,6,4,4.0
2015,RS Bopara,8,120,160,8.0
2015,S Aravind,10,108,132,7.33
2015,S Gopal,1,13,23,10.62
2015,S Nadeem,0,42,43,6.14
2015,SA Abbott,0,30,57,11.4
2015,SK Raina,3,72,93,7.75
2015,SL Malinga,26,360,444,7.4
2015,SN Thakur,1,18,38,12.67
2015,SP Narine,7,192,234,7.31
2015,SR Watson,8,174,269,9.28
2015,STR Binny,8,114,140,7.37
2015,Sandeep Sharma,13,300,350,7.0
2015,Shakib Al Hasan,5,84,123,8.79
2015,Shivam Sharma,1,18,44,14.67
2015,TA Boult,10,168,236,8.43
2015,TG Southee,9,168,247,8.82
2015,UT Yadav,12,252,382,9.1
2015,V Kohli,1,11,10,5.45
2015,VR Aaron,4,104,177,10.21
2015,YK Pathan,2,60,97,9.7
2015,YS Chahal,24,281,415,8.86
2015,Yuvraj Singh,1,54,72,8.0
2015,Z Khan,8,145,156,6.46
2016,A Ashish Reddy,1,23,39,10.17
2016,A Mishra,14,276,344,7.48
2016,A Nehra,11,156,199,7.65
2016,A Zampa,12,102,115,6.76
2016,AB Dinda,13,183,231,7.57
2016,AD Russell,19,219,291,7.97
2016,AF Milne,1,24,43,10.75
2016,AR Patel,13,287,388,8.11
2016,AS Rajpoot,3,66,98,8.91
2016,Ankit Sharma,1,66,84,7.64
2016,Anureet Singh,1,36,43,7.17
2016,B Kumar,24,396,490,7.42
2016,BB Sran,14,297,413,8.34
2016,BCJ Cutting,5,67,80,7.16
2016,Bipul Sharma,5,84,121,8.64
2016,C Munro,0,12,15,7.5
2016,CH Gayle,2,60,63,6.3
2016,CH Morris,16,264,308,7.0
2016,CJ Jordan,13,168,258,9.21
2016,CR Brathwaite,9,139,189,8.16
2016,D Wiese,0,24,49,12.25
2016,DJ Bravo,19,336,494,8.82
2016,DJ Hooda,3,78,97,7.46
2016,DL Chahar,0,30,41,8.2
2016,DR Smith,8,108,153,8.5
2016,DS Kulkarni,20,294,364,7.43
2016,DW Steyn,0,12,17,8.5
2016,GB Hogg,5,96,142,8.88
2016,GJ Maxwell,0,54,80,8.89
2016,Gurkeerat Singh,2,24,31,7.75
2016,HH Pandya,3,100,153,9.18
2016,HV Patel,2,84,147,10.5
2016,Harbhajan Singh,9,294,392,8.0
2016,I Sharma,3,90,148,9.87
2016,IK Pathan,0,48,61,7.62
2016,Imran Tahir,5,96,138,8.62
2016,Iqbal Abdulla,7,150,213,8.52
2016,J Suchith,0,12,31,15.5
2016,J Yadav,2,102,125,7.35
2016,JA Morkel,3,30,66,13.2
2016,JD Unadkat,0,18,49,16.33
2016,JJ Bumrah,18,312,406,7.81
2016,JO Holder,3,78,103,7.92
2016,JP Duminy,2,42,55,7.86
2016,JP Faulkner,2,102,167,9.82
2016,JW Hastings,2,40,37,5.55
2016,KA Pollard,0,36,81,13.5
2016,KC Cariappa,3,102,159,9.35
2016,KH Pandya,7,187,236,7.57
2016,KJ Abbott,2,96,177,11.06
2016,KS Williamson,0,6,7,7.0
2016,KV Sharma,1,98,171,10.47
2016,KW Richardson,8,84,136,9.71
2016,Kuldeep Yadav,7,72,100,8.33
2016,M Ashwin,7,171,241,8.46
2016,M Morkel,10,213,297,8.37
2016,M Vijay,0,6,8,8.0
2016,MC Henriques,14,312,415,7.98
2016,MG Johnson,3,66,106,9.64
2016,MJ McClenaghan,18,320,436,8.17
2016,MM Sharma,16,291,407,8.39
2016,MP Stoinis,9,138,194,8.43
2016,MR Marsh,4,54,45,5.0
2016,Mohammed Shami,8,151,244,9.7
2016,Mustafizur Rahman,19,366,421,6.9
2016,N Rana,0,6,3,3.0
2016,NLTC Perera,10,199,326,9.83
2016,NM Coulter-Nile,4,90,114,7.6
2016,P Kumar,10,309,401,7.79
2016,P Negi,2,54,84,9.33
2016,P Sahu,3,105,146,8.34
2016,PJ Sangwan,0,24,49,12.25
2016,PP Chawla,12,212,273,7.73
2016,PV Tambe,5,96,143,8.94
2016,Parvez Rasool,1,84,129,9.21
2016,R Ashwin,11,264,319,7.25
2016,R Bhatia,6,204,244,7.18
2016,R Dhawan,2,42,56,8.0
2016,R Sathish,2,36,59,9.83
2016,R Vinay Kumar,4,54,64,7.11
2016,RA Jadeja,9,241,311,7.74
2016,RP Singh,3,72,111,9.25
2016,S Aravind,11,175,216,7.41
2016,S Gopal,0,18,18,6.0
2016,S Kaushik,6,138,192,8.35
2016,S Ladda,0,12,21,10.5
2016,S Nadeem,3,90,127,8.47
2016,SB Jakati,2,120,178,8.9
2016,SK Raina,0,60,82,8.2
2016,SM Boland,3,42,54,7.71
2016,SP Narine,13,256,304,7.12
2016,SR Watson,23,339,485,8.58
2016,STR Binny,1,102,134,7.88
2016,Sachin Baby,3,10,8,4.8
2016,Sandeep Sharma,19,300,366,7.32
2016,Shakib Al Hasan,5,186,243,7.84
2016,Swapnil Singh,0,18,29,9.67
2016,T Shamsi,3,96,147,9.19
2016,TA Boult,1,24,39,9.75
2016,TG Southee,9,258,329,7.65
2016,UT Yadav,12,156,234,9.0
2016,V Kohli,0,6,13,13.0
2016,VR Aaron,2,142,227,9.59
2016,YK Pathan,1,36,33,5.5
2016,YS Chahal,22,295,401,8.16
2016,Yuvraj Singh,0,37,52,8.43
2016,Z Khan,12,262,337,7.72
2017,A Choudhary,5,101,144,8.55
2017,A Mishra,10,233,343,8.83
2017,A Nehra,10,127,197,9.31
2017,A Zampa,7,119,163,8.22
2017,AB Dinda,2,60,119,11.9
2017,AD Mathews,0,30,56,11.2
2017,AF Milne,4,84,134,9.57
2017,AJ Tye,12,126,141,6.71
2017,AR Patel,15,288,362,7.54
2017,AS Rajpoot,4,84,107,7.64
2017,Ankit Sharma,0,6,16,16.0
2017,Ankit Soni,4,109,144,7.93
2017,Anureet Singh,0,12,26,13.0
2017,Avesh Khan,1,24,23,5.75
2017,B Kumar,28,314,369,7.05
2017,B Stanlake,2,48,70,8.75
2017,BA Stokes,14,264,316,7.18
2017,BB Sran,0,12,29,14.5
2017,BCJ Cutting,2,76,123,9.71
2017,Basil Thampi,15,268,424,9.49
2017,Bipul Sharma,3,98,129,7.9
2017,C de Grandhomme,4,96,135,8.44
2017,CH Morris,14,186,240,7.74
2017,CJ Anderson,4,113,186,9.88
2017,CJ Jordan,1,6,9,9.0
2017,CR Brathwaite,1,36,67,11.17
2017,CR Woakes,18,264,386,8.77
2017,DJ Hooda,2,24,42,10.5
2017,DL Chahar,1,42,74,10.57
2017,DR Smith,2,78,148,11.38
2017,DS Kulkarni,3,113,173,9.19
2017,DT Christian,12,240,298,7.45
2017,GJ Maxwell,7,114,125,6.58
2017,HH Pandya,6,156,213,8.19
2017,HV Patel,3,24,43,10.75
2017,Harbhajan Singh,8,246,266,6.49
2017,I Sharma,0,108,179,9.94
2017,IK Pathan,2,12,26,13.0
2017,Imran Tahir,19,282,369,7.85
2017,Iqbal Abdulla,2,30,55,11.0
2017,J Yadav,0,36,42,7.0
2017,JD Unadkat,27,275,322,7.03
2017,JJ Bumrah,23,356,440,7.42
2017,JP Faulkner,9,158,258,9.8
2017,K Rabada,8,128,188,8.81
2017,KA Pollard,0,11,30,16.36
2017,KC Cariappa,4,90,127,8.47
2017,KH Pandya,10,240,273,6.82
2017,KV Sharma,13,184,214,6.98
2017,Kuldeep Yadav,12,246,340,8.29
2017,LH Ferguson,5,78,93,7.15
2017,MC Henriques,2,144,248,10.33
2017,MG Johnson,9,120,141,7.05
2017,MJ Henry,2,30,71,14.2
2017,MJ McClenaghan,20,324,507,9.39
2017,MM Patel,1,42,57,8.14
2017,MM Sharma,13,274,410,8.98
2017,MN Samuels,0,18,34,11.33
2017,MP Stoinis,2,63,110,10.48
2017,MS Gony,0,12,32,16.0
2017,Mohammad Nabi,2,66,58,5.27
2017,Mohammed Shami,8,156,243,9.35
2017,Mohammed Siraj,10,138,212,9.22
2017,Mustafizur Rahman,0,16,34,12.75
2017,NB Singh,1,24,15,3.75
2017,NM Coulter-Nile,16,170,228,8.05
2017,P Kumar,6,99,151,9.15
2017,P Negi,17,193,197,6.12
2017,PJ Cummins,16,277,373,8.08
2017,PJ Sangwan,6,108,181,10.06
2017,PP Chawla,6,120,179,8.95
2017,R Bhatia,2,42,55,7.86
2017,R Tewatia,3,54,49,5.44
2017,R Vinay Kumar,2,18,31,10.33
2017,RA Jadeja,5,228,349,9.18
2017,RA Tripathi,0,6,12,12.0
2017,RD Chahar,2,42,58,8.29
2017,Rashid Khan,18,324,358,6.63
2017,S Aravind,5,183,275,9.02
2017,S Badree,9,150,188,7.52
2017,S Kaul,16,214,300,8.41
2017,S Kaushik,0,66,105,9.55
2017,S Nadeem,6,107,119,6.67
2017,SB Jakati,0,30,52,10.4
2017,SK Raina,1,72,102,8.5
2017,SL Malinga,11,269,382,8.52
2017,SN Thakur,13,229,315,8.25
2017,SP Narine,12,354,412,6.98
2017,SR Watson,5,161,245,9.13
2017,SS Agarwal,1,24,42,10.5
2017,STR Binny,4,36,50,8.33
2017,Sandeep Sharma,17,288,398,8.29
2017,Shakib Al Hasan,0,18,31,10.33
2017,Swapnil Singh,1,42,61,8.71
2017,T Natarajan,2,76,115,9.08
2017,TA Boult,5,143,216,9.06
2017,TG Southee,3,60,96,9.6
2017,TM Head,3,48,81,10.12
2017,TS Mills,5,107,153,8.58
2017,Tejas Baroka,0,21,33,9.43
2017,UT Yadav,18,291,410,8.45
2017,VR Aaron,7,120,163,8.15
2017,Washington Sundar,9,180,185,6.17
2017,YK Pathan,1,24,41,10.25
2017,YS Chahal,14,261,333,7.66
2017,Yuvraj Singh,2,12,22,11.0
2017,Z Khan,12,241,313,7.79
2018,A Dananjaya,0,24,47,11.75
2018,A Mishra,13,222,264,7.14
2018,AD Russell,13,227,355,9.38
2018,AJ Tye,28,336,448,8.0
2018,AR Patel,3,156,218,8.38
2018,AS Rajpoot,11,157,223,8.52
2018,Ankit Sharma,0,6,11,11.0
2018,Anureet Singh,2,24,42,10.5
2018,Avesh Khan,4,114,204,10.74
2018,B Kumar,10,277,354,7.67
2018,B Laughlin,9,126,211,10.05
2018,B Stanlake,5,96,130,8.12
2018,BA Stokes,9,222,303,8.19
2018,BB Sran,6,132,229,10.41
2018,BCJ Cutting,2,102,168,9.88
2018,Basil Thampi,5,61,114,11.21
2018,C de Grandhomme,3,90,129,8.6
2018,CH Morris,3,84,143,10.21
2018,CJ Anderson,5,52,115,13.27
2018,CJ Dala,0,18,34,11.33
2018,CJ Jordan,0,24,31,7.75
2018,CR Brathwaite,6,61,94,9.25
2018,CR Woakes,8,110,190,10.36
2018,DJ Bravo,18,321,533,9.96
2018,DJ Hooda,0,18,24,8.0
2018,DJ Willey,2,60,95,9.5
2018,DJM Short,1,18,19,6.33
2018,DL Chahar,10,229,278,7.28
2018,DS Kulkarni,4,119,188,9.48
2018,DT Christian,4,71,101,8.54
2018,GJ Maxwell,5,96,132,8.25
2018,HH Pandya,19,256,381,8.93
2018,HV Patel,7,105,167,9.54
2018,Harbhajan Singh,7,191,270,8.48
2018,IS Sodhi,5,138,135,5.87
2018,Imran Tahir,6,124,188,9.1
2018,JC Archer,15,233,325,8.37
2018,JD Unadkat,12,302,486,9.66
2018,JJ Bumrah,17,324,372,6.89
2018,JP Duminy,0,18,36,12.0
2018,JPR Scantlebury-Searles,2,42,89,12.71
2018,K Gowtham,12,240,312,7.8
2018,K Khejroliya,2,65,107,9.88
2018,KH Pandya,14,241,284,7.07
2018,KK Ahmed,0,18,38,12.67
2018,KM Asif,3,36,75,12.5
2018,KV Sharma,4,57,89,9.37
2018,Kuldeep Yadav,18,308,418,8.14
2018,L Ngidi,13,156,156,6.0
2018,LE Plunkett,4,150,225,9.0
2018,M Ashwin,3,42,53,7.57
2018,M Markande,15,264,368,8.36
2018,M Prasidh Krishna,12,168,260,9.29
2018,MA Wood,0,24,49,12.25
2018,MG Johnson,2,126,216,10.29
2018,MJ McClenaghan,16,240,332,8.3
2018,MK Lomror,0,18,27,9.0
2018,MK Tiwary,0,6,10,10.0
2018,MM Ali,6,79,97,7.37
2018,MM Sharma,7,178,322,10.85
2018,MP Stoinis,3,66,120,10.91
2018,Mohammad Nabi,1,30,47,9.4
2018,Mohammed Shami,3,83,144,10.41
2018,Mohammed Siraj,12,246,367,8.95
2018,Mujeeb Ur Rahman,15,248,289,6.99
2018,Mustafizur Rahman,9,165,230,8.36
2018,N Rana,4,37,44,7.14
2018,P Negi,1,24,49,12.25
2018,PJ Sangwan,0,12,19,9.5
2018,PP Chawla,14,294,412,8.41
2018,R Ashwin,11,304,410,8.09
2018,R Tewatia,6,132,173,7.86
2018,R Vinay Kumar,2,23,65,16.96
2018,RA Jadeja,12,246,303,7.39
2018,Rashid Khan,23,408,458,6.74
2018,S Gopal,12,186,236,7.61
2018,S Kaul,24,396,547,8.29
2018,S Lamichhane,5,72,82,6.83
2018,S Nadeem,5,90,161,10.73
2018,SN Thakur,17,280,431,9.24
2018,SP Narine,17,366,467,7.66
2018,SR Watson,7,168,251,8.96
2018,STR Binny,0,12,33,16.5
2018,Sandeep Sharma,14,264,333,7.57
2018,Shakib Al Hasan,16,342,456,8.0
2018,Shivam Mavi,7,168,270,9.64
2018,TA Boult,20,316,466,8.85
2018,TG Southee,8,174,261,9.0
2018,TK Curran,6,61,118,11.61
2018,UT Yadav,20,319,418,7.86
2018,V Shankar,1,30,58,11.6
2018,Washington Sundar,4,120,192,9.6
2018,YK Pathan,1,12,14,7.0
2018,YS Chahal,12,300,363,7.26
2018,Yuvraj Singh,0,12,23,11.5
2019,A Mishra,11,240,270,6.75
2019,AD Russell,11,181,287,9.51
2019,AJ Tye,3,132,233,10.59
2019,AR Patel,12,306,364,7.14
2019,AS Joseph,6,52,87,10.04
2019,AS Rajpoot,3,96,152,9.5
2019,AS Roy,1,12,11,5.5
2019,Abhishek Sharma,1,12,21,10.5
2019,Arshdeep Singh,3,60,109,10.9
2019,Avesh Khan,0,18,30,10.0
2019,B Kumar,14,354,461,7.81
2019,BA Stokes,6,101,189,11.23
2019,BB Sran,0,24,51,12.75
2019,BCJ Cutting,1,12,27,13.5
2019,Basil Thampi,0,72,110,9.17
2019,C de Grandhomme,0,30,55,11.0
2019,CH Morris,13,198,306,9.27
2019,CR Brathwaite,0,18,29,9.67
2019,CV Varun,1,18,35,11.67
2019,DJ Bravo,13,247,330,8.02
2019,DJ Hooda,1,12,21,10.5
2019,DL Chahar,22,387,482,7.47
2019,DS Kulkarni,6,210,335,9.57
2019,DW Steyn,4,48,69,8.62
2019,GC Viljoen,8,138,222,9.65
2019,GH Vihari,0,6,9,9.0
2019,HF Gurney,7,162,238,8.81
2019,HH Pandya,16,255,390,9.18
2019,HV Patel,3,48,77,9.62
2019,Harbhajan Singh,18,264,312,7.09
2019,Harpreet Brar,0,30,48,9.6
2019,I Sharma,14,276,349,7.59
2019,IS Sodhi,4,43,67,9.35
2019,Imran Tahir,26,386,431,6.7
2019,J Suchith,2,24,28,7.0
2019,J Yadav,1,42,50,7.14
2019,JC Archer,12,258,291,6.77
2019,JD Unadkat,11,224,398,10.66
2019,JJ Bumrah,21,370,409,6.63
2019,JP Behrendorff,5,114,165,8.68
2019,K Gowtham,1,120,166,8.3
2019,K Khejroliya,1,30,46,9.2
2019,K Rabada,28,282,368,7.83
2019,KC Cariappa,0,12,34,17.0
2019,KH Pandya,12,276,335,7.28
2019,KK Ahmed,20,209,287,8.24
2019,KMA Paul,10,163,237,8.72
2019,KV Sharma,1,17,33,11.65
2019,Kuldeep Yadav,5,198,286,8.67
2019,LH Ferguson,2,102,183,10.76
2019,LS Livingstone,0,6,13,13.0
2019,M Ashwin,5,204,255,7.5
2019,M Markande,1,36,59,9.83
2019,M Prasidh Krishna,4,242,377,9.35
2019,MJ McClenaghan,3,108,142,7.89
2019,MJ Santner,4,84,94,6.71
2019,MM Ali,7,150,169,6.76
2019,MM Sharma,1,18,27,9.0
2019,MP Stoinis,2,100,145,8.7
2019,Mandeep Singh,0,12,26,13.0
2019,Mohammad Nabi,8,175,194,6.65
2019,Mohammed Shami,22,324,469,8.69
2019,Mohammed Siraj,8,169,269,9.55
2019,Mujeeb Ur Rahman,3,114,191,10.05
2019,N Rana,3,48,72,9.0
2019,Navdeep Saini,12,288,397,8.27
2019,O Thomas,5,60,79,7.9
2019,P Negi,3,67,102,9.13
2019,P Ray Barman,0,24,56,14.0
2019,PP Chawla,10,267,399,8.97
2019,R Ashwin,17,330,400,7.27
2019,R Parag,2,84,121,8.64
2019,R Tewatia,2,38,42,6.63
2019,RA Jadeja,15,324,343,6.35
2019,RD Chahar,13,282,308,6.55
2019,Rashid Khan,19,360,377,6.28
2019,Rasikh Salam,0,24,42,10.5
2019,S Dube,0,10,8,4.8
2019,S Gopal,20,288,347,7.23
2019,S Kaul,6,162,242,8.96
2019,S Lamichhane,9,138,210,9.13
2019,S Midhun,0,12,27,13.5
2019,S Nadeem,3,54,90,10.0
2019,S Sandeep Warrier,2,72,85,7.08
2019,SC Kuggeleijn,2,48,71,8.88
2019,SE Rutherford,1,41,59,8.63
2019,SK Raina,0,6,6,6.0
2019,SL Malinga,18,269,438,9.77
2019,SM Curran,11,198,323,9.79
2019,SN Khan,0,2,6,18.0
2019,SN Thakur,9,180,281,9.37
2019,SP Narine,11,266,347,7.83
2019,STR Binny,1,42,44,6.29
2019,Sandeep Sharma,13,256,352,8.25
2019,Shakib Al Hasan,2,65,95,8.77
2019,TA Boult,5,114,163,8.58
2019,TG Southee,1,54,118,13.11
2019,UT Yadav,9,227,371,9.81
2019,V Shankar,2,48,70,8.75
2019,VR Aaron,4,72,116,9.67
2019,Washington Sundar,4,54,74,8.22
2019,Y Prithvi Raj,1,30,57,11.4
2019,YK Pathan,0,6,8,8.0
2019,YS Chahal,18,296,386,7.82
2020,A Mishra,3,60,72,7.2
2020,A Nortje,23,366,512,8.39
2020,A Zampa,2,66,92,8.36
2020,AD Russell,7,108,175,9.72
2020,AJ Tye,2,24,50,12.5
2020,AR Patel,11,306,327,6.41
2020,AS Rajpoot,2,102,199,11.71
2020,Abdul Samad,1,42,96,13.71
2020,Abhishek Sharma,2,60,91,9.1
2020,Arshdeep Singh,11,149,218,8.78
2020,Avesh Khan,0,24,42,10.5
2020,B Kumar,5,85,99,6.99
2020,BA Stokes,2,90,154,10.27
2020,Basil Thampi,1,24,46,11.5
2020,CH Gayle,0,5,5,6.0
2020,CH Morris,12,190,210,6.63
2020,CJ Green,0,17,24,8.47
2020,CJ Jordan,11,189,304,9.65
2020,CV Varun,17,312,356,6.85
2020,DA Warner,0,1,2,12.0
2020,DJ Bravo,7,126,180,8.57
2020,DJ Hooda,0,6,9,9.0
2020,DL Chahar,12,312,396,7.62
2020,DR Sams,0,72,114,9.5
2020,DS Kulkarni,0,18,22,7.33
2020,DW Steyn,1,70,133,11.4
2020,GJ Maxwell,3,126,169,8.05
2020,HV Patel,3,90,134,8.93
2020,Harpreet Brar,0,24,41,10.25
2020,I Sharma,0,18,26,8.67
2020,I Udana,8,174,282,9.72
2020,Imran Tahir,1,66,76,6.91
2020,J Yadav,1,42,43,6.14
2020,JC Archer,20,334,365,6.56
2020,JD Unadkat,5,138,228,9.91
2020,JDS Neesham,2,90,148,9.87
2020,JJ Bumrah,28,360,404,6.73
2020,JL Pattinson,11,213,320,9.01
2020,JO Holder,15,168,233,8.32
2020,JR Hazlewood,1,60,64,6.4
2020,K Gowtham,1,48,84,10.5
2020,K Rabada,30,394,548,8.35
2020,KA Pollard,4,126,190,9.05
2020,KH Pandya,6,301,380,7.57
2020,KK Ahmed,10,154,242,9.43
2020,KL Nagarkoti,5,156,231,8.88
2020,KS Williamson,0,12,24,12.0
2020,KV Sharma,5,114,165,8.68
2020,Kartik Tyagi,10,229,367,9.62
2020,Kuldeep Yadav,1,72,92,7.67
2020,L Ngidi,10,96,167,10.44
2020,LH Ferguson,7,119,148,7.46
2020,M Ashwin,10,189,235,7.46
2020,M Prasidh Krishna,4,105,164,9.37
2020,MJ Santner,2,42,53,7.57
2020,MM Ali,1,30,42,8.4
2020,MM Sharma,1,24,45,11.25
2020,MP Stoinis,13,178,283,9.54
2020,MR Marsh,0,4,6,9.0
2020,Mohammad Nabi,0,24,23,5.75
2020,Mohammed Shami,22,322,460,8.57
2020,Mohammed Siraj,11,163,236,8.69
2020,Monu Kumar,0,12,20,10.0
2020,Mujeeb Ur Rahman,0,48,83,10.38
2020,N Rana,0,12,23,11.5
2020,NM Coulter-Nile,6,156,206,7.92
2020,Navdeep Saini,7,274,379,8.3
2020,P Dubey,0,48,72,9.0
2020,PJ Cummins,12,312,409,7.87
2020,PP Chawla,7,126,191,9.1
2020,R Ashwin,15,306,391,7.67
2020,R Parag,0,12,27,13.5
2020,R Tewatia,11,276,326,7.09
2020,RA Jadeja,6,218,318,8.75
2020,RD Chahar,16,318,433,8.17
2020,Rashid Khan,20,384,344,5.38
2020,Ravi Bishnoi,14,306,376,7.37
2020,S Dube,5,54,73,8.11
2020,S Gopal,10,300,427,8.54
2020,S Kaul,2,24,64,16.0
2020,S Nadeem,6,132,178,8.09
2020,S Sandeep Warrier,0,18,34,11.33
2020,SM Curran,14,252,344,8.19
2020,SN Thakur,10,194,275,8.51
2020,SP Narine,6,228,302,7.95
2020,SS Cottrell,6,120,176,8.8
2020,Sandeep Sharma,14,312,374,7.19
2020,Shahbaz Ahmed,2,36,44,7.33
2020,Shivam Mavi,9,156,212,8.15
2020,T Natarajan,19,377,504,8.02
2020,TA Boult,26,344,457,7.97
2020,TK Curran,3,109,208,11.45
2020,TU Deshpande,3,102,192,11.29
2020,UT Yadav,1,42,83,11.86
2020,V Shankar,4,79,82,6.23
2020,VR Aaron,0,48,94,11.75
2020,Washington Sundar,9,300,298,5.96
2020,YS Chahal,22,343,405,7.08
2021,A Mishra,6,84,109,7.79
2021,A Nortje,12,182,187,6.16
2021,AD Russell,11,114,188,9.89
2021,AF Milne,4,84,131,9.36
2021,AK Markram,0,24,23,5.75
2021,AR Patel,16,276,306,6.65
2021,AU Rashid,0,18,35,11.67
2021,Abdul Samad,1,6,9,9.0
2021,Abhishek Sharma,4,60,64,6.4
2021,Akash Singh,0,24,39,9.75
2021,Arshdeep Singh,20,248,342,8.27
2021,Avesh Khan,27,366,450,7.38
2021,B Kumar,6,252,335,7.98
2021,BA Stokes,0,6,12,12.0
2021,C Sakariya,14,312,426,8.19
2021,CH Morris,17,246,376,9.17
2021,CJ Jordan,4,72,96,8.0
2021,CR Woakes,5,66,82,7.45
2021,CV Varun,20,408,448,6.59
2021,DJ Bravo,15,202,263,7.81
2021,DJ Hooda,2,96,136,8.5
2021,DL Chahar,16,324,451,8.35
2021,DR Sams,1,36,39,6.5
2021,DS Kulkarni,0,24,48,12.0
2021,DT Christian,4,100,155,9.3
2021,FA Allen,1,66,90,8.18
2021,GD Phillips,1,12,20,10.0
2021,GHS Garton,3,90,135,9.0
2021,GJ Maxwell,3,96,135,8.44
2021,HV Patel,35,338,459,8.15
2021,Harbhajan Singh,0,42,63,9.0
2021,Harpreet Brar,5,138,139,6.04
2021,I Sharma,1,72,97,8.08
2021,IC Porel,1,24,39,9.75
2021,Imran Tahir,3,24,16,4.0
2021,J Suchith,1,42,66,9.43
2021,J Yadav,3,102,130,7.65
2021,JA Richardson,3,66,117,10.64
2021,JD Unadkat,4,132,168,7.64
2021,JDS Neesham,5,54,66,7.33
2021,JJ Bumrah,22,330,410,7.45
2021,JO Holder,16,191,247,7.76
2021,JR Hazlewood,11,210,293,8.37
2021,Jalaj S Saxena,0,18,27,9.0
2021,K Rabada,16,336,456,8.14
2021,K Yadav,0,12,16,8.0
2021,KA Jamieson,9,168,269,9.61
2021,KA Pollard,6,79,95,7.22
2021,KH Pandya,5,199,265,7.99
2021,KK Ahmed,5,162,219,8.11
2021,KL Nagarkoti,0,12,25,12.5
2021,KM Asif,1,13,18,8.31
2021,KW Richardson,1,18,29,9.67
2021,Kartik Tyagi,4,84,124,8.86
2021,L Ngidi,5,72,125,10.42
2021,LH Ferguson,14,180,224,7.47
2021,LI Meriwala,1,18,32,10.67
2021,Lalit Yadav,4,84,101,7.21
2021,M Ashwin,1,66,97,8.82
2021,M Jansen,3,36,45,7.5
2021,M Markande,0,18,26,8.67
2021,M Prasidh Krishna,12,231,351,9.12
2021,MC Henriques,4,60,45,4.5
2021,MK Lomror,1,42,47,6.71
2021,MM Ali,7,152,161,6.36
2021,MP Stoinis,2,67,117,10.48
2021,Mohammad Nabi,2,48,86,10.75
2021,Mohammed Shami,20,316,395,7.5
2021,Mohammed Siraj,11,312,353,6.79
2021,Mujeeb Ur Rahman,2,24,29,7.25
2021,Mustafizur Rahman,18,311,436,8.41
2021,N Rana,0,12,12,6.0
2021,NM Coulter-Nile,7,120,127,6.35
2021,NT Ellis,1,66,90,8.18
2021,Navdeep Saini,0,24,52,13.0
2021,PJ Cummins,9,161,237,8.83
2021,PP Chawla,1,24,38,9.5
2021,PWH de Silva,0,36,60,10.0
2021,R Ashwin,8,268,331,7.41
2021,R Parag,2,37,73,11.84
2021,R Tewatia,8,222,340,9.19
2021,RA Jadeja,13,294,346,7.06
2021,RD Chahar,13,258,318,7.4
2021,RG Sharma,0,7,13,11.14
2021,RP Meredith,4,102,169,9.94
2021,RV Patel,0,18,22,7.33
2021,Rashid Khan,19,336,375,6.7
2021,Ravi Bishnoi,13,216,230,6.39
2021,S Dube,0,30,49,9.8
2021,S Gopal,0,42,84,12.0
2021,S Kaul,8,180,247,8.23
2021,S Nadeem,1,24,36,9.0
2021,S Sandeep Warrier,0,12,15,7.5
2021,SM Curran,10,198,328,9.94
2021,SN Thakur,22,359,527,8.81
2021,SP Narine,18,336,361,6.45
2021,Sandeep Sharma,3,141,203,8.64
2021,Shahbaz Ahmed,7,84,92,6.57
2021,Shakib Al Hasan,5,156,187,7.19
2021,Shivam Mavi,12,193,233,7.24
2021,T Natarajan,2,48,69,8.62
2021,T Shamsi,0,24,34,8.5
2021,TA Boult,14,308,406,7.91
2021,TG Southee,5,72,95,7.92
2021,TK Curran,4,68,104,9.18
2021,Umran Malik,2,72,96,8.0
2021,V Shankar,4,66,100,9.09
2021,VR Iyer,3,51,69,8.12
2021,Washington Sundar,3,96,118,7.38
2021,YS Chahal,19,318,374,7.06
2022,A Badoni,2,12,11,5.5
2022,A Nortje,9,134,217,9.72
2022,AD Russell,21,169,278,9.87
2022,AF Milne,0,15,19,7.6
2022,AJ Tye,3,66,107,9.73
2022,AK Markram,1,36,64,10.67
2022,AR Patel,6,258,321,7.47
2022,AS Joseph,8,180,264,8.8
2022,AS Roy,1,42,55,7.86
2022,Abdul Samad,0,6,8,8.0
2022,Abhishek Sharma,0,24,38,9.5
2022,Akash Deep,6,113,205,10.88
2022,Aman Hakim Khan,0,6,13,13.0
2022,Arshdeep Singh,12,300,385,7.7
2022,Avesh Khan,19,286,416,8.73
2022,B Kumar,13,313,383,7.34
2022,Basil Thampi,5,96,152,9.5
2022,C Sakariya,3,66,84,7.64
2022,CJ Jordan,3,77,135,10.52
2022,CV Varun,6,234,332,8.51
2022,D Brevis,1,3,8,16.0
2022,D Pretorius,7,126,210,10.0
2022,DG Nalkande,2,31,59,11.42
2022,DJ Bravo,17,206,299,8.71
2022,DJ Hooda,1,24,43,10.75
2022,DJ Mitchell,0,12,27,13.5
2022,DJ Willey,1,66,72,6.55
2022,DR Sams,14,252,370,8.81
2022,FA Allen,1,24,46,11.5
2022,Fazalhaq Farooqi,2,72,110,9.17
2022,GJ Maxwell,8,144,165,6.88
2022,HH Pandya,8,183,222,7.28
2022,HR Shokeen,2,90,127,8.47
2022,HV Patel,21,321,410,7.66
2022,Harpreet Brar,4,96,146,9.12
2022,Harshit Rana,1,30,51,10.2
2022,J Suchith,7,108,140,7.78
2022,JD Unadkat,7,120,190,9.5
2022,JDS Neesham,0,18,29,9.67
2022,JJ Bumrah,16,320,383,7.18
2022,JO Holder,16,249,391,9.42
2022,JR Hazlewood,21,279,377,8.11
2022,K Gowtham,5,72,99,8.25
2022,K Kartikeya,5,78,102,7.85
2022,K Rabada,23,288,406,8.46
2022,KA Pollard,4,84,125,8.93
2022,KH Pandya,11,228,265,6.97
2022,KK Ahmed,16,235,315,8.04
2022,KL Nagarkoti,0,12,29,14.5
2022,KR Sen,8,151,237,9.42
2022,Kartik Tyagi,1,48,79,9.88
2022,Kuldeep Yadav,21,298,419,8.44
2022,LH Ferguson,16,286,427,8.96
2022,LS Livingstone,6,138,202,8.78
2022,Lalit Yadav,4,108,150,8.33
2022,M Ashwin,9,174,228,7.86
2022,M Jansen,7,192,274,8.56
2022,M Markande,1,42,57,8.14
2022,M Pathirana,2,41,52,7.61
2022,M Prasidh Krishna,21,399,551,8.29
2022,M Theekshana,12,210,261,7.46
2022,MJ Santner,4,114,130,6.84
2022,MK Lomror,0,12,18,9.0
2022,MM Ali,8,143,158,6.63
2022,MP Stoinis,4,42,79,11.29
2022,MR Marsh,4,72,102,8.5
2022,Mohammed Shami,21,366,488,8.0
2022,Mohammed Siraj,9,306,514,10.08
2022,Mohsin Khan,14,198,197,5.97
2022,Mukesh Choudhary,16,273,424,9.32
2022,Mustafizur Rahman,9,192,244,7.62
2022,N Rana,0,12,23,11.5
2022,NM Coulter-Nile,0,18,48,16.0
2022,NT Ellis,4,36,55,9.17
2022,Navdeep Saini,3,36,72,12.0
2022,OC McCoy,11,155,237,9.17
2022,OF Smith,7,90,178,11.87
2022,PH Solanki,2,36,38,6.33
2022,PJ Cummins,8,119,212,10.69
2022,PJ Sangwan,3,54,65,7.22
2022,PVD Chameera,11,264,384,8.73
2022,PWH de Silva,27,342,430,7.54
2022,R Ashwin,13,402,503,7.51
2022,R Dhawan,6,114,156,8.21
2022,R Parag,1,24,59,14.75
2022,R Powell,0,6,17,17.0
2022,R Sai Kishore,6,96,121,7.56
2022,R Sanjay Yadav,0,12,23,11.5
2022,R Shepherd,4,54,98,10.89
2022,R Tewatia,1,36,76,12.67
2022,RA Jadeja,6,198,248,7.52
2022,RD Chahar,14,280,360,7.71
2022,RP Meredith,10,168,236,8.43
2022,Ramandeep Singh,6,36,54,9.0
2022,Rashid Khan,20,383,421,6.6
2022,Rasikh Salam,0,24,28,7.0
2022,Ravi Bishnoi,14,324,456,8.44
2022,S Dube,0,12,36,18.0
2022,S Gopal,1,18,34,11.33
2022,S Kaul,0,24,43,10.75
2022,SA Abbott,1,24,47,11.75
2022,SN Thakur,16,290,473,9.79
2022,SP Narine,10,336,312,5.57
2022,SS Iyer,0,6,7,7.0
2022,Sandeep Sharma,3,120,153,7.65
2022,Shahbaz Ahmed,4,210,336,9.6
2022,Shashank Singh,0,12,20,10.0
2022,Shivam Mavi,5,132,227,10.32
2022,Simarjeet Singh,4,108,138,7.67
2022,T Natarajan,20,258,406,9.44
2022,TA Boult,18,372,492,7.94
2022,TG Southee,16,210,275,7.86
2022,TS Mills,6,102,190,11.18
2022,TU Deshpande,1,42,63,9.0
2022,Tilak Varma,0,12,13,6.5
2022,UT Yadav,16,288,339,7.06
2022,Umran Malik,23,295,444,9.03
2022,V Shankar,1,9,15,10.0
2022,VG Arora,4,107,164,9.2
2022,VR Aaron,2,30,52,10.4
2022,VR Iyer,0,24,46,11.5
2022,Washington Sundar,6,168,239,8.54
2022,YBK Jaiswal,0,1,6,36.0
2022,YS Chahal,29,408,527,7.75
2022,Yash Dayal,13,192,296,9.25
2023,A Badoni,0,1,0,0.0
2023,A Mishra,7,114,149,7.84
2023,A Nortje,11,240,364,9.1
2023,A Zampa,9,132,188,8.55
2023,AD Russell,7,91,172,11.34
2023,AJ Hosein,1,24,40,10.0
2023,AK Markram,1,49,70,8.57
2023,AR Patel,11,282,338,7.19
2023,AS Joseph,7,144,225,9.38
2023,AS Roy,3,48,65,8.12
2023,AU Rashid,2,42,56,8.0
2023,Abhishek Sharma,2,72,124,10.33
2023,Akash Deep,1,30,59,11.8
2023,Akash Madhwal,16,153,219,8.59
2023,Akash Singh,5,114,188,9.89
2023,Arjun Tendulkar,4,59,92,9.36
2023,Arshad Khan,5,85,190,13.41
2023,Arshdeep Singh,18,305,493,9.7
2023,Avesh Khan,8,174,283,9.76
2023,B Kumar,19,306,425,8.33
2023,BA Stokes,0,6,18,18.0
2023,C Green,8,228,361,9.5
2023,C Sakariya,3,48,89,11.12
2023,CJ Jordan,3,132,237,10.77
2023,CV Varun,20,316,429,8.15
2023,D Jansen,1,24,53,13.25
2023,D Pretorius,0,24,28,7.0
2023,D Wiese,0,18,38,12.67
2023,DG Nalkande,1,24,44,11.0
2023,DJ Hooda,0,6,8,8.0
2023,DJ Willey,4,90,105,7.0
2023,DL Chahar,13,204,297,8.74
2023,Fazalhaq Farooqi,4,80,117,8.78
2023,GD Phillips,1,18,20,6.67
2023,GJ Maxwell,3,62,94,9.1
2023,Gurnoor Brar,0,18,42,14.0
2023,H Sharma,0,18,28,9.33
2023,HH Pandya,4,150,228,9.12
2023,HR Shokeen,3,114,187,9.84
2023,HV Patel,15,282,454,9.66
2023,Harpreet Brar,9,163,218,8.02
2023,Harshit Rana,6,102,147,8.65
2023,I Sharma,10,150,206,8.24
2023,J Little,9,204,294,8.65
2023,J Yadav,0,24,26,6.5
2023,JC Archer,2,120,190,9.5
2023,JD Unadkat,1,48,92,11.5
2023,JE Root,0,12,14,7.0
2023,JO Holder,4,171,284,9.96
2023,JP Behrendorff,17,252,387,9.21
2023,JR Hazlewood,3,54,76,8.44
2023,K Gowtham,3,96,118,7.38
2023,K Kartikeya,5,156,227,8.73
2023,K Khejroliya,2,26,64,14.77
2023,K Rabada,7,138,232,10.09
2023,K Yadav,2,42,68,9.71
2023,KH Pandya,9,252,313,7.45
2023,KK Ahmed,10,198,301,9.12
2023,KM Asif,3,84,138,9.86
2023,KR Mayers,0,42,59,8.43
2023,KR Sen,0,18,28,9.33
2023,KV Sharma,11,129,223,10.37
2023,Kartik Tyagi,1,37,92,14.92
2023,Kuldeep Yadav,10,294,361,7.37
2023,LH Ferguson,1,46,96,12.52
2023,LS Livingstone,2,42,94,13.43
2023,Lalit Yadav,3,78,118,9.08
2023,M Ashwin,0,24,53,13.25
2023,M Jansen,10,162,267,9.89
2023,M Markande,12,228,300,7.89
2023,M Pathirana,23,278,371,8.01
2023,M Theekshana,11,294,392,8.0
2023,MA Wood,11,96,130,8.12
2023,MG Bracewell,6,66,95,8.64
2023,MJ Santner,3,72,81,6.75
2023,MK Lomror,1,12,17,8.5
2023,MM Ali,9,156,195,7.5
2023,MM Sharma,31,265,361,8.17
2023,MP Stoinis,5,65,100,9.23
2023,MR Marsh,12,121,170,8.43
2023,MW Short,0,24,25,6.25
2023,Mayank Dagar,1,66,83,7.55
2023,Mohammed Shami,28,390,522,8.03
2023,Mohammed Siraj,20,300,375,7.5
2023,Mohit Rathee,0,12,29,14.5
2023,Mohsin Khan,3,60,107,10.7
2023,Mukesh Kumar,9,186,326,10.52
2023,Mustafizur Rahman,1,42,79,11.29
2023,N Rana,3,53,75,8.49
2023,NA Saini,0,12,34,17.0
2023,NT Ellis,13,228,339,8.92
2023,Navdeep Saini,3,24,40,10.0
2023,Naveen-ul-Haq,11,168,219,7.82
2023,Nithish Kumar Reddy,0,30,54,10.8
2023,Noor Ahmad,16,283,369,7.82
2023,OC McCoy,0,6,13,13.0
2023,P Dubey,1,18,19,6.33
2023,PP Chawla,23,366,495,8.11
2023,PWH de Silva,9,174,258,8.9
2023,R Ashwin,15,294,368,7.51
2023,R Dhawan,1,42,60,8.57
2023,R Goyal,0,24,33,8.25
2023,R Powell,1,12,18,9.0
2023,R Tewatia,0,13,15,6.92
2023,RA Jadeja,20,342,431,7.56
2023,RD Chahar,8,298,385,7.75
2023,RJW Topley,1,12,14,7.0
2023,RP Meredith,7,118,207,10.53
2023,RS Hangargekar,3,36,60,10.0
2023,Rashid Khan,28,402,552,8.24
2023,Ravi Bishnoi,17,303,391,7.74
2023,SM Curran,11,287,489,10.22
2023,SN Thakur,7,126,220,10.48
2023,SP Narine,11,288,383,7.98
2023,SSB Magala,1,36,51,8.5
2023,Sandeep Sharma,15,276,396,8.61
2023,Shahbaz Ahmed,1,42,95,13.57
2023,Sikandar Raza,3,72,119,9.92
2023,Suyash Sharma,11,234,321,8.23
2023,Swapnil Singh,0,12,18,9.0
2023,T Natarajan,13,270,410,9.11
2023,T Stubbs,1,12,14,7.0
2023,TA Boult,13,228,312,8.21
2023,TG Southee,2,36,79,13.17
2023,TU Deshpande,24,341,564,9.92
2023,Tilak Varma,0,6,7,7.0
2023,UT Yadav,1,114,189,9.95
2023,Umran Malik,6,120,217,10.85
2023,VG Arora,5,96,146,9.12
2023,Vijaykumar Vyshak,11,144,253,10.54
2023,Vivrant Sharma,0,18,37,12.33
2023,WD Parnell,9,151,236,9.38
2023,Washington Sundar,3,106,146,8.26
2023,YS Chahal,22,317,432,8.18
2023,Yash Dayal,2,84,165,11.79
2023,Yash Thakur,15,191,289,9.08
2023,Yudhvir Singh,3,48,70,8.75
2024,A Badoni,0,12,25,12.5
2024,A Kamboj,2,60,114,11.4
2024,A Mishra,1,12,20,10.0
2024,A Nortje,7,132,294,13.36
2024,AD Russell,19,176,295,10.06
2024,AK Markram,0,12,15,7.5
2024,AR Patel,11,264,337,7.66
2024,AS Joseph,1,58,115,11.9
2024,AS Roy,1,34,60,10.59
2024,Abhishek Sharma,2,42,51,7.29
2024,Akash Deep,1,21,55,15.71
2024,Akash Madhwal,6,109,205,11.28
2024,Arjun Tendulkar,0,14,22,9.43
2024,Arshad Khan,1,49,90,11.02
2024,Arshad Khan (2),0,12,24,12.0
2024,Arshdeep Singh,20,302,505,10.03
2024,Atharva Taide,0,1,4,24.0
2024,Avesh Khan,22,329,526,9.59
2024,Azmatullah Omarzai,4,126,186,8.86
2024,B Kumar,11,342,533,9.35
2024,C Green,12,211,303,8.62
2024,CV Varun,21,300,402,8.04
2024,DG Nalkande,3,29,45,9.31
2024,DJ Hooda,0,18,22,7.33
2024,DJ Mitchell,1,36,70,11.67
2024,DL Chahar,5,141,202,8.6
2024,G Coetzee,13,201,341,10.18
2024,GJ Maxwell,7,96,129,8.06
2024,Gulbadin Naib,0,6,12,12.0
2024,H Sharma,0,12,29,14.5
2024,HH Pandya,13,216,387,10.75
2024,HV Patel,30,294,477,9.73
2024,Harpreet Brar,7,228,303,7.97
2024,Harshit Rana,20,253,383,9.08
2024,I Sharma,12,162,265,9.81
2024,J Little,4,24,45,11.25
2024,JA Richardson,0,24,40,10.0
2024,JD Unadkat,9,187,319,10.24
2024,JJ Bumrah,21,311,336,6.48
2024,K Gowtham,0,12,29,14.5
2024,K Rabada,11,252,372,8.86
2024,KA Maharaj,2,36,39,6.5
2024,KH Pandya,6,198,255,7.73
2024,KK Ahmed,17,300,479,9.58
2024,KR Sen,6,72,122,10.17
2024,KT Maphaka,1,36,89,14.83
2024,KV Sharma,7,144,254,10.58
2024,Kartik Tyagi,0,24,51,12.75
2024,Kuldeep Yadav,16,258,372,8.65
2024,L Wood,1,36,93,15.5
2024,LB Williams,1,36,72,12.0
2024,LH Ferguson,10,144,255,10.62
2024,LS Livingstone,3,72,84,7.0
2024,Lalit Yadav,0,18,56,18.67
2024,M Jansen,2,60,129,12.9
2024,M Markande,8,132,259,11.77
2024,M Pathirana,13,132,169,7.68
2024,M Shahrukh Khan,0,12,15,7.5
2024,M Siddharth,1,54,71,7.89
2024,M Theekshana,2,120,144,7.2
2024,MA Starc,20,251,444,10.61
2024,MJ Henry,1,72,110,9.17
2024,MJ Santner,3,54,64,7.11
2024,MJ Suthar,0,12,26,13.0
2024,MK Lomror,0,6,18,18.0
2024,MM Ali,2,48,71,8.88
2024,MM Sharma,16,234,425,10.9
2024,MP Stoinis,5,84,126,9.0
2024,MP Yadav,8,73,85,6.99
2024,MR Marsh,1,48,103,12.88
2024,Mayank Dagar,1,71,120,10.14
2024,Mohammad Nabi,2,74,109,8.84
2024,Mohammed Siraj,15,324,496,9.19
2024,Mohsin Khan,10,228,385,10.13
2024,Mukesh Choudhary,0,6,27,27.0
2024,Mukesh Kumar,22,213,368,10.37
2024,Mustafizur Rahman,14,206,318,9.26
2024,N Burger,7,102,145,8.53
2024,N Thushara,8,156,257,9.88
2024,N Wadhera,0,12,13,6.5
2024,NT Ellis,1,24,24,6.0
2024,Naman Dhir,0,28,55,11.79
2024,Naveen-ul-Haq,15,219,372,10.19
2024,Nithish Kumar Reddy,4,79,153,11.62
2024,Noor Ahmad,8,209,290,8.33
2024,PJ Cummins,18,366,566,9.28
2024,PP Chawla,13,210,312,8.91
2024,PVD Chameera,0,18,48,16.0
2024,R Ashwin,9,330,467,8.49
2024,R Dhawan,0,18,35,11.67
2024,R Parag,0,18,27,9.0
2024,R Ravindra,0,12,7,3.5
2024,R Sai Kishore,7,90,137,9.13
2024,R Shepherd,2,72,159,13.25
2024,RA Jadeja,8,282,369,7.85
2024,RD Chahar,10,186,279,9.0
2024,RJ Gleeson,1,47,71,9.06
2024,RJW Topley,4,90,168,11.2
2024,Ramandeep Singh,0,4,9,13.5
2024,Rashid Khan,10,262,367,8.4
2024,Rasikh Salam,9,147,269,10.98
2024,Ravi Bishnoi,10,262,383,8.77
2024,S Dube,1,6,14,14.0
2024,S Gopal,3,42,67,9.57
2024,S Joseph,0,24,47,11.75
2024,S Sandeep Warrier,6,66,119,10.82
2024,SH Johnson,4,96,151,9.44
2024,SM Curran,16,246,416,10.15
2024,SN Thakur,5,190,309,9.76
2024,SP Narine,18,330,368,6.69
2024,SZ Mulani,0,30,57,11.4
2024,Sandeep Sharma,15,228,311,8.18
2024,Shahbaz Ahmed,7,165,270,9.82
2024,Shashank Singh,1,6,5,5.0
2024,Sikandar Raza,0,12,22,11.0
2024,Simarjeet Singh,6,72,121,10.08
2024,Sumit Kumar,0,20,38,11.4
2024,Suyash Sharma,0,24,51,12.75
2024,Swapnil Singh,6,90,133,8.87
2024,T Natarajan,20,308,465,9.06
2024,T Stubbs,3,12,15,7.5
2024,TA Boult,16,320,443,8.31
2024,TM Head,0,10,32,19.2
2024,TU Deshpande,18,288,424,8.83
2024,Tilak Varma,0,4,8,12.0
2024,UT Yadav,9,126,210,10.0
2024,Umran Malik,0,6,15,15.0
2024,V Kaverappa,2,24,36,9.0
2024,V Viyaskanth,1,60,86,8.6
2024,VG Arora,11,180,276,9.2
2024,VR Iyer,0,6,28,28.0
2024,Vijaykumar Vyshak,6,87,142,9.79
2024,WG Jacks,2,54,100,11.11
2024,Washington Sundar,1,30,73,14.6
2024,YS Chahal,19,348,546,9.41
2024,Yash Dayal,16,301,459,9.15
2024,Yash Thakur,12,213,402,11.32
2024,Yudhvir Singh,1,24,52,13.0
2025,A Badoni,2,10,13,7.8
2025,A Kamboj,8,129,172,8.0
2025,A Nortje,1,42,83,11.86
2025,A Zampa,2,48,94,11.75
2025,AD Russell,8,109,217,11.94
2025,AK Markram,4,66,102,9.27
2025,AR Patel,6,216,313,8.69
2025,AS Roy,2,24,27,6.75
2025,Abdul Samad,0,2,6,18.0
2025,Abhishek Sharma,0,66,112,10.18
2025,Akash Deep,3,114,229,12.05
2025,Akash Madhwal,4,90,166,11.07
2025,Akash Singh,4,67,99,8.87
2025,Arshad Khan,6,126,217,10.33
2025,Arshdeep Singh,22,350,518,8.88
2025,Ashwani Kumar,11,123,232,11.32
2025,Avesh Khan,13,284,487,10.29
2025,Azmatullah Omarzai,8,162,279,10.33
2025,B Kumar,18,312,483,9.29
2025,C Bosch,1,42,55,7.86
2025,C Sakariya,0,18,39,13.0
2025,CV Varun,17,300,383,7.66
2025,DJ Hooda,0,6,15,15.0
2025,DL Chahar,12,246,376,9.17
2025,DS Rathi,14,312,429,8.25
2025,E Malinga,14,160,238,8.92
2025,Fazalhaq Farooqi,0,102,210,12.35
2025,G Coetzee,2,72,131,10.92
2025,GJ Maxwell,4,78,110,8.46
2025,HH Pandya,14,210,342,9.77
2025,HV Patel,17,263,430,9.81
2025,Harpreet Brar,10,132,190,8.64
2025,Harsh Dubey,5,60,98,9.8
2025,Harshit Rana,15,264,448,10.18
2025,I Sharma,4,110,205,11.18
2025,Ishan Kishan,0,1,4,24.0
2025,J Overton,0,36,83,13.83
2025,JC Archer,12,273,431,9.47
2025,JD Unadkat,12,143,175,7.34
2025,JJ Bumrah,21,284,316,6.68
2025,JR Hazlewood,22,264,386,8.77
2025,K Kartikeya,2,48,78,9.75
2025,K Khejroliya,1,18,29,9.67
2025,K Rabada,2,84,162,11.57
2025,KA Jamieson,5,90,147,9.8
2025,KH Pandya,17,276,379,8.24
2025,KK Ahmed,16,280,447,9.58
2025,KT Maphaka,1,30,54,10.8
2025,KV Sharma,7,90,128,8.53
2025,Karim Janat,0,6,30,30.0
2025,Kuldeep Yadav,16,318,390,7.36
2025,L Ngidi,4,48,81,10.12
2025,LH Ferguson,6,68,104,9.18
2025,LS Livingstone,2,54,76,8.44
2025,M Jansen,16,283,434,9.2
2025,M Pathirana,15,251,424,10.14
2025,M Prasidh Krishna,26,354,488,8.27
2025,M Shahrukh Khan,1,6,13,13.0
2025,M Siddharth,2,42,67,9.57
2025,M Theekshana,11,252,410,9.76
2025,M Tiwari,0,6,14,14.0
2025,MA Starc,17,228,389,10.24
2025,MJ Santner,10,237,313,7.92
2025,MM Ali,6,96,136,8.5
2025,MM Sharma,2,150,257,10.28
2025,MP Stoinis,1,85,175,12.35
2025,MP Yadav,2,48,100,12.5
2025,Mohammed Shami,6,180,337,11.23
2025,Mohammed Siraj,16,342,527,9.25
2025,Mujeeb Ur Rahman,1,12,28,14.0
2025,Mukesh Choudhary,1,36,71,11.83
2025,Mukesh Kumar,14,237,408,10.33
2025,Musheer Khan,1,12,27,13.5
2025,Mustafizur Rahman,4,66,87,7.91
2025,N Rana,0,12,18,9.0
2025,N Thushara,1,24,26,6.5
2025,N Wadhera,0,5,9,10.8
2025,NT Ellis,1,24,38,9.5
2025,Naman Dhir,1,24,21,5.25
2025,Nithish Kumar Reddy,4,30,47,9.4
2025,Noor Ahmad,24,300,408,8.16
2025,P Dubey,1,12,20,10.0
2025,PHKD Mendis,2,42,60,8.57
2025,PJ Cummins,16,298,450,9.06
2025,PVD Chameera,4,102,198,11.65
2025,PVSN Raju,2,24,53,13.25
2025,PWA Mulder,0,6,16,16.0
2025,PWH de Silva,11,246,371,9.05
2025,Prince Yadav,5,137,225,9.85
2025,R Ashwin,7,186,283,9.13
2025,R Parag,4,120,170,8.5
2025,R Sai Kishore,19,255,393,9.25
2025,R Shepherd,6,84,151,10.79
2025,RA Jadeja,10,227,324,8.56
2025,RD Chahar,0,6,9,9.0
2025,RJ Gleeson,1,21,39,11.14
2025,RJW Topley,0,18,40,13.33
2025,Rashid Khan,9,330,514,9.35
2025,Rasikh Salam,1,36,70,11.67
2025,Ravi Bishnoi,9,222,401,10.84
2025,S Dube,0,12,33,16.5
2025,SH Johnson,1,68,133,11.74
2025,SM Curran,1,72,133,11.08
2025,SN Thakur,15,204,375,11.03
2025,SP Narine,12,270,351,7.8
2025,Sandeep Sharma,10,219,361,9.89
2025,Shahbaz Ahmed,1,51,102,12.0
2025,Shashank Singh,0,12,27,13.5
2025,Simarjeet Singh,2,60,141,14.1
2025,Suryansh Shedge,0,18,40,13.33
2025,Suyash Sharma,9,300,442,8.84
2025,T Natarajan,1,25,53,12.72
2025,T Stubbs,0,12,40,20.0
2025,TA Boult,23,346,517,8.97
2025,TU Deshpande,9,192,340,10.62
2025,V Nigam,12,234,356,9.13
2025,V Puthur,6,72,109,9.08
2025,VG Arora,19,255,430,10.12
2025,Vijaykumar Vyshak,4,102,181,10.65
2025,W O'Rourke,6,62,132,12.77
2025,WG Jacks,6,84,120,8.57
2025,Washington Sundar,2,65,111,10.25
2025,XC Bartlett,2,60,96,9.6
2025,YS Chahal,16,270,430,9.56
2025,Yash Dayal,14,294,470,9.59
2025,Yash Thakur,1,39,79,12.15
2025,Yudhvir Singh,4,66,131,11.91
2025,Zeeshan Ansari,8,203,333,9.84
2026,A Badoni,0,6,14,14.0
2026,A Kamboj,24,302,530,10.53
2026,A Nortje,0,24,39,9.75
2026,AF Milne,0,20,41,12.3
2026,AJ Hosein,9,148,198,8.03
2026,AK Markram,0,36,83,13.83
2026,AM Ghazanfar,15,233,389,10.02
2026,AR Patel,11,264,360,8.18
2026,AS Roy,9,163,261,9.61
2026,Abdul Samad,0,1,6,36.0
2026,Abhinandan Singh,3,58,122,12.62
2026,Abhishek Sharma,0,29,49,10.14
2026,Akash Singh,4,42,80,11.43
2026,Arjun Tendulkar,1,24,36,9.0
2026,Arshad Khan,8,104,172,9.92
2026,Arshdeep Singh,14,318,541,10.21
2026,Ashok Sharma,6,126,228,10.86
2026,Ashwani Kumar,6,60,102,10.2
2026,Auqib Nabi,0,78,149,11.46
2026,Avesh Khan,6,148,273,11.07
2026,Azmatullah Omarzai,3,66,103,9.36
2026,B Kumar,30,378,501,7.95
2026,B Muzarabani,5,42,75,10.71
2026,BJ Dwarshuis,2,24,51,12.75
2026,Brijesh Sharma,14,273,450,9.89
2026,C Bosch,13,121,195,9.67
2026,C Green,7,132,234,10.64
2026,CV Varun,12,246,360,8.78
2026,D Ferreira,1,18,41,13.67
2026,D Madushanka,1,24,36,9.0
2026,DA Payne,2,30,70,14.0
2026,DL Chahar,8,153,265,10.39
2026,DS Rathi,5,234,397,10.18
2026,E Malinga,21,326,507,9.33
2026,GF Linde,1,37,55,8.92
2026,Gurjapneet Singh,4,151,233,9.26
2026,HH Pandya,4,136,259,11.43
2026,HV Patel,0,82,148,10.83
2026,Harpreet Brar,2,48,60,7.5
2026,Harsh Dubey,8,132,228,10.36
2026,J Overton,14,168,249,8.89
2026,JA Duffy,9,144,263,10.96
2026,JC Archer,29,360,559,9.32
2026,JD Unadkat,4,77,140,10.91
2026,JJ Bumrah,5,294,410,8.37
2026,JO Holder,17,230,290,7.57
2026,JR Hazlewood,15,309,494,9.59
2026,K Khejroliya,0,12,31,15.5
2026,K Rabada,29,388,626,9.68
2026,KA Jamieson,2,42,90,12.86
2026,KH Pandya,14,303,425,8.42
2026,KK Ahmed,2,101,146,8.67
2026,Kartik Tyagi,19,306,498,9.76
2026,Krish Bhagat,0,36,63,10.5
2026,Kuldeep Yadav,10,222,381,10.3
2026,L Ngidi,14,248,340,8.23
2026,LH Ferguson,1,66,141,12.82
2026,M Jansen,9,284,483,10.2
2026,M Markande,0,30,76,15.2
2026,M Pathirana,0,8,9,6.75
2026,M Prasidh Krishna,18,234,407,10.44
2026,M Siddharth,6,90,145,9.67
2026,M Tiwari,4,60,87,8.7
2026,MA Starc,13,132,224,10.18
2026,MD Shanaka,1,36,60,10.0
2026,MJ Henry,2,60,130,13.0
2026,MJ Santner,5,84,125,8.93
2026,MJ Suthar,2,36,68,11.33
2026,MP Stoinis,2,47,98,12.51
2026,MP Yadav,0,96,182,11.38
2026,MW Short,0,19,39,12.32
2026,Mohammed Shami,12,306,459,9.0
2026,Mohammed Siraj,20,372,562,9.06
2026,Mohsin Khan,11,168,228,8.14
2026,Mukesh Choudhary,9,168,249,8.89
2026,Mukesh Kumar,7,188,353,11.27
2026,N Burger,14,261,440,10.11
2026,N Rana,1,24,55,13.75
2026,Navdeep Saini,0,18,37,12.33
2026,Nithish Kumar Reddy,9,186,323,10.42
2026,Noor Ahmad,14,306,428,8.39
2026,PJ Cummins,8,192,307,9.59
2026,PP Hinge,14,156,305,11.73
2026,PR Veer,0,12,25,12.5
2026,PVD Chameera,0,12,18,9.0
2026,Prince Yadav,20,312,459,8.83
2026,R Parag,2,24,38,9.5
2026,R Sai Kishore,1,24,46,11.5
2026,R Shepherd,7,150,298,11.92
2026,RA Bawa,2,24,50,12.5
2026,RA Jadeja,10,198,277,8.39
2026,RD Chahar,0,24,46,11.5
2026,RS Ghosh,1,18,24,8.0
2026,Raghu Sharma,1,90,130,8.67
2026,Ramandeep Singh,1,16,31,11.62
2026,Rashid Khan,21,341,516,9.08
2026,Rasikh Salam,20,257,405,9.46
2026,Ravi Bishnoi,12,156,257,9.88
2026,S Dube,1,30,64,12.8
2026,SH Johnson,2,66,112,10.18
2026,SN Thakur,12,132,270,12.27
2026,SP Narine,15,306,339,6.65
2026,SR Dubey,5,77,106,8.26
2026,SS Mishra,2,38,67,10.58
2026,Sakib Hussain,16,252,397,9.45
2026,Sandeep Sharma,6,118,224,11.39
2026,Shahbaz Ahmed,5,67,130,11.64
2026,Shashank Singh,4,60,88,8.8
2026,Shivang Kumar,11,234,375,9.62
2026,Suyash Sharma,9,245,376,9.21
2026,T Natarajan,6,191,356,11.18
2026,T Vijay,0,12,29,14.5
2026,TA Boult,2,97,188,11.63
2026,TH David,0,6,18,18.0
2026,TM Head,1,6,7,7.0
2026,TU Deshpande,5,138,275,11.96
2026,V Nigam,2,54,113,12.56
2026,VG Arora,12,228,390,10.26
2026,Vijaykumar Vyshak,10,186,330,10.65
2026,WG Jacks,2,53,94,10.64
2026,Washington Sundar,1,55,84,9.16
2026,XC Bartlett,5,201,388,11.58
2026,YS Chahal,13,246,385,9.39
2026,Yash Raj Punja,9,180,279,9.3
2026,Yash Thakur,2,24,55,13.75
